Workbook

Sheet Summary
J1: Drying | O1: Wetting | T1: Direct shear
A2: Samples | B2: Depth below surface [m] | C2: Slope angle [°] | D2: Plastic Limit (PL) | E2: Liquid Limit (LL) | F2: Soil Classification | G2: Specific Gravity (Gs) [-] | H2: rsat [g/cm^3] | I2: porosity [-] | J2: θsat [-] | K2: θr [-] | L2: a [1/cm] | M2: n [-] | N2: ksat [cm/s] | O2: θsat [-] | P2: θr [-] | Q2: a [1/cm] | R2: n [-] | S2: ksat [cm/s] | T2: f' [°] | U2: c' [kPa]
A3: UTU-1 z=0.m | B3: =0.92-0 -> 0.92 | C3: 42 | D3: =Atterberg!B19 -> 0.22212186 | E3: =Atterberg!B10 -> 0.2322 | F3: SM | G3: 2.6 | H3: =sat_density!B14 -> 1.9010846 | I3: =0.44 -> 0.44 | J3: =SWR_UTU0!B7 -> 0.44 | K3: =SWR_UTU0!B6 -> 0.1 | L3: =SWR_UTU0!B3 -> 0.04 | M3: =SWR_UTU0!B4 -> 1.64 | N3: =SWR_UTU0!B8 -> 0.000357 | O3: =SWR_UTU0!J7 -> 0.38 | P3: =SWR_UTU0!J6 -> 0.1 | Q3: =SWR_UTU0!J3 -> 0.04 | R3: =SWR_UTU0!J4 -> 1.5 | S3: =SWR_UTU0!J8 -> 0.00021 | T3: 40 | U3: 4.58
A4: UTU-1 z=0.35 m | B4: =0.92-0.35 -> 0.57 | C4: 42 | D4: =Atterberg!B39 -> 0.27277442 | E4: =Atterberg!C31 -> 0.324 | F4: SM | G4: 2.49 | H4: =sat_density!B26 -> 1.8969024 | I4: =SWR_UTU035!B7 -> 0.41 | J4: =I4 -> 0.41 | K4: =SWR_UTU035!J6 -> 0.089 | L4: =SWR_UTU035!B3 -> 0.08 | M4: =SWR_UTU035!B4 -> 1.47 | N4: =SWR_UTU035!B8 -> 0.00409 | O4: =SWR_UTU035!J7 -> 0.33 | P4: =SWR_UTU035!J6 -> 0.089 | Q4: =SWR_UTU035!J3 -> 0.08 | R4: =SWR_UTU035!J4 -> 1.4 | S4: =SWR_UTU035!J8 -> 6.89e-05 | T4: 34.8 | U4: 4.42
A5: UTU-7/8 B z = 0.55 m | B5: =0.92-0.55 -> 0.37 | C5: 42 | D5: no data | E5: no data | F5: no data | G5: no data | H5: no data | I5: no data | J5: no data | K5: no data | L5: no data | M5: no data | N5: no data | O5: no data | P5: no data | Q5: no data | R5: no data | S5: no data
A6: UTU-1 z=0.7m | B6: =0.92-0.7 -> 0.22 | C6: 42 | D6: =Atterberg!B48 -> 0.32799909 | E6: =Atterberg!C57 -> 0.391 | F6: SM | G6: 2.6 | H6: =sat_density!B40 -> 1.6671438 | I6: =J6 -> 0.46 | J6: =SWR_UTU07!B7 -> 0.46 | K6: =SWR_UTU07!B6 -> 0.1 | L6: =SWR_UTU07!B3 -> 0.042 | M6: =SWR_UTU07!B4 -> 1.586 | N6: =SWR_UTU07!B8 -> 0.0001 | O6: =SWR_UTU07!J7 -> 0.368 | P6: =SWR_UTU07!J6 -> 0.1 | Q6: =SWR_UTU07!J3 -> 0.042 | R6: =SWR_UTU07!J4 -> 1.55 | S6: =SWR_UTU07!J8 -> 4.79e-05 | T6: 53.9 | U6: 0.42
A7: ELT-1 z=0.15m | B7: =1.32-0.15 -> 1.17 | C7: 45 | D7: =Atterberg!B77 -> 0.38580772 | E7: =Atterberg!B69 -> 0.456 | F7: CL | G7: 2.57 | H7: =sat_density!B48 -> 1.7845347 | I7: =SWR_ELTz015!B7 -> 0.51 | J7: =SWR_ELTz015!B7 -> 0.51 | K7: =SWR_ELTz015!B6 -> 0.1 | L7: =SWR_ELTz015!B3 -> 0.019 | M7: =SWR_ELTz015!B4 -> 1.35 | N7: =SWR_ELTz015!B8 -> 7e-05 | O7: =SWR_ELTz015!J7 -> 0.46 | P7: =SWR_ELTz015!J6 -> 0.1 | Q7: =SWR_ELTz015!J3 -> 0.02 | R7: =SWR_ELTz015!J4 -> 1.39 | S7: =SWR_ELTz015!J8 -> 7.5e-06 | T7: 45.6 | U7: 2.29
A8: ELT-1 z=0.42m | B8: =1.32-0.42 -> 0.9 | C8: 45 | D8: =Atterberg!B98 -> 0.44336138 | E8: =Atterberg!B90 -> 0.6 | F8: MH | G8: 2.57 | H8: =sat_density!B60 -> 1.8063758 | I8: =SWR_ELTz042!B7 -> 0.5 | J8: =SWR_ELTz042!B7 -> 0.5 | K8: =SWR_ELTz042!B6 -> 0.1 | L8: =SWR_UTU0!B3 -> 0.04 | M8: =SWR_ELTz042!B4 -> 1.6 | N8: =SWR_ELTz042!B8 -> 3.59e-05 | O8: =SWR_ELTz042!J7 -> 0.46 | P8: =SWR_ELTz042!J6 -> 0.1 | Q8: =SWR_ELTz042!J3 -> 0.07 | R8: =SWR_ELTz042!J4 -> 1.39 | S8: =SWR_ELTz042!J8 -> 9.5e-06 | T8: 35.5 | U8: 0
A9: ELT-1 z=0.89m | B9: =1.32-0.89 -> 0.43 | C9: 45 | D9: =Atterberg!B117 -> 0.83487337 | E9: =Atterberg!B109 -> 1.1 | F9: OH | G9: 2.35 | H9: no data | I9: 0.52 | J9: no data | K9: no data | L9: no data | M9: no data | N9: no data | O9: no data | P9: no data | Q9: no data | R9: no data | S9: no data | T9: 34.9 | U9: 5.13
A10: ELT-1 remolded | B10: 0.9 | C10: 45 | N10: 0.00032
B11: z: height above bottom of soil pit | G11: rsat: saturated bulk density | I11: ksat: saturated hydraulic conductivity | M11: α, n: van Genuchten soil water retention parameters | S11: f': friction angle
A12: UTU-1 z=0m | F12: ELT-1 z=0.15m | I12: θsat: saturated water content | M12: θr : residual water content | S12: c': cohesion
A23: UTU-1 z=0.35m | F23: ELT-1 z=0.42m
A24: additional sample UTU-7/8 B collected at z=0.55 to supplement direct shear testing results (not pictured)
A33: UTU-1 z=0.7m | F33: ELT-1 z=0.89m | G33: Highly variable with depth

Sheet Atterberg
A1: UTU z=0m
A2: Item | B2: Test Number
B3: 1 | C3: 2 | D3: 3
A4: Can No. | B4: 1-utuz=0 | C4: 2-utuz=0 | D4: 3-utuz=0
A5: Mass of Can, M1 (g) | B5: 12.02 | C5: 12.15 | D5: 11.72
A6: Mass of can + moist soil, M2 (g) | B6: 18.87 | C6: 18.71 | D6: 22.24
A7: Mass of can + dry soil, M3 (g) | B7: 17.58 | C7: 17.47 | D7: 20.18
A8: Moisture content, w(%)=(M2-M3)/(M3-M1)*100 | B8: =(B6-B7)/(B7-B5) -> 0.23201439 | C8: =(C6-C7)/(C7-C5) -> 0.23308271 | D8: =(D6-D7)/(D7-D5) -> 0.24349882
A9: Number of Blows, N | B9: 28 | C9: 23 | D9: 16
A10: Liquid Limit | B10: 0.2322
A12: Item | B12: Test Number
B13: 1 | C13: 2 | D13: 3 | E13: 4
A14: Can No. | B14: 1-utuz=0 | C14: 2-utuz=0 | D14: 3-utuz=0 | E14: 4-utuz=0
A15: Mass of Can, M1 (g) | B15: 11.81 | C15: 11.48 | D15: 12.27 | E15: 12.28 | F15: =(23.4-23.2)/5 -> 0.04
A16: Mass of can + moist soil, M2 (g) | B16: 15.23 | C16: 14.43 | D16: 15.58 | E16: 15.56
A17: Mass of can + dry soil, M3 (g) | B17: 14.62 | C17: 13.86 | D17: 15.01 | E17: 14.96
A18: Moisture content, w(%)=(M2-M3)/(M3-M1)*100 | B18: =(B16-B17)/(B17-B15) -> 0.21708185 | C18: =(C16-C17)/(C17-C15) -> 0.2394958 | D18: =(D16-D17)/(D17-D15) -> 0.2080292 | E18: =(E16-E17)/(E17-E15) -> 0.2238806
A19: Plastic Limit | B19: =AVERAGE(B18:E18) -> 0.22212186
A23: UTU z=0.35m
A24: Liquid Limit Test
A25: Tail number | B25: 1 | C25: 2 | D25: 3
A26: Mass of Can (g) | B26: 12.03 | C26: 11.73 | D26: 12.76
A27: Mass of Can + Moist Soil (g) | B27: 20.54 | C27: 23.34 | D27: 26.21
A28: Mass of Can + Dry Soil (g) | B28: 18.5 | C28: 20.39 | D28: 22.85
A29: water content (%) | B29: =(B27-B28)/(B28-B26) -> 0.31530139 | C29: =(C27-C28)/(C28-C26) -> 0.34064665 | D29: =(D27-D28)/(D28-D26) -> 0.33300297
A30: Number of Blow | B30: 27 | C30: 17 | D30: 23
A31: LL= | C31: 0.324
A33: Plastic Limit Test
A34: Tail number | B34: 1 | C34: 2 | D34: 3
A35: Mass of Can (g) | B35: 11.96 | C35: 12.24 | D35: 32.83
A36: Mass of Can + Moist Soil (g) | B36: 16.05 | C36: 15.55 | D36: 37.36
A37: Mass of Can + Dry Soil (g) | B37: 15.13 | C37: 14.84 | D37: 36.39
A38: water content (%) | B38: =(B36-B37)/(B37-B35) -> 0.29022082 | C38: =(C36-C37)/(C37-C35) -> 0.27307692 | D38: =(D36-D37)/(D37-D35) -> 0.27247191
A39: PL | B39: =AVERAGE(C38:E38) -> 0.27277442
A41: UTU z=0.7m
A42: Plastic Limit Test
A43: Tail number | B43: 1 | C43: 2 | D43: 3
A44: Mass of Can (g) | B44: 11.99 | C44: 12.3 | D44: 16.95
A45: Mass of Can + Moist Soil (g) | B45: 18.64 | C45: 15.78 | D45: 26.48
A46: Mass of Can + Dry Soil (g) | B46: 17.07 | C46: 14.87 | D46: 24.27
A47: water content (%) | B47: =(B45-B46)/(B46-B44) -> 0.30905512 | C47: =(C45-C46)/(C46-C44) -> 0.3540856 | D47: =(D45-D46)/(D46-D44) -> 0.30191257
A48: PL | B48: =AVERAGE(C47:E47) -> 0.32799909
A50: Liquid Limit Test
A51: Tail number | B51: 1 | C51: 2 | D51: 3
A52: Mass of Can (g) | B52: 11.94 | C52: 12.28 | D52: 11.44
A53: Mass of Can + Moist Soil (g) | B53: 18.02 | C53: 17.56 | D53: 21.59
A54: Mass of Can + Dry Soil (g) | B54: 16.21 | C54: 16.07 | D54: 18.85
A55: water content (%) | B55: =(B53-B54)/(B54-B52) -> 0.42388759 | C55: =(C53-C54)/(C54-C52) -> 0.39313984 | D55: =(D53-D54)/(D54-D52) -> 0.36977058
A56: Number of Blow | B56: 13 | C56: 23 | D56: 34
A57: LL=39.1% | C57: 0.391
A60: ELT-0.15m
A62: Liquid Limit Test
A63: Tail number | B63: 1 | C63: 2 | D63: 3
A64: Mass of Can (g) | B64: 12.26 | C64: 11.69 | D64: 11.46
A65: Mass of Can + Moist Soil (g) | B65: 19.18 | C65: 15.77 | D65: 15.63
A66: Mass of Can + Dry Soil (g) | B66: 16.9 | C66: 14.5 | D66: 14.31
A67: water content (%) | B67: =(-B66+B65)/(B66-B64) -> 0.49137931 | C67: =(-C66+C65)/(C66-C64) -> 0.4519573 | D67: =(-D66+D65)/(D66-D64) -> 0.46315789
A68: Number of Blow | B68: 12 | C68: 26 | D68: 23
A69: LL | B69: 0.456
A71: Plastic Limit Test
A72: Tail number | B72: 1 | C72: 2 | D72: 3
A73: Mass of Can (g) | B73: 12.06 | C73: 11.88 | D73: 12.3
A74: Mass of Can + Moist Soil (g) | B74: 17.39 | C74: 17.59 | D74: 18.82
A75: Mass of Can + Dry Soil (g) | B75: 15.89 | C75: 15.97 | D75: 17.04
A76: water content (%) | B76: =(B74-B75)/(B75-B73) -> 0.39164491 | C76: =(C74-C75)/(C75-C73) -> 0.39608802 | D76: =(D74-D75)/(D75-D73) -> 0.37552743
A77: PL | B77: =AVERAGE(C76:E76) -> 0.38580772
A82: ELT-0.42m
A83: Liquid Limit Test
A84: Tail number | B84: 1 | C84: 2 | D84: 3
A85: Mass of Can (g) | B85: 11.43 | C85: 11.89 | D85: 12.02
A86: Mass of Can + Moist Soil (g) | B86: 15.58 | C86: 16.63 | D86: 15.31
A87: Mass of Can + Dry Soil (g) | B87: 14.15 | C87: 14.78 | D87: 13.99
A88: water content (%) | B88: =(-B87+B86)/(B87-B85) -> 0.52573529 | C88: =(-C87+C86)/(C87-C85) -> 0.64013841 | D88: =(-D87+D86)/(D87-D85) -> 0.67005076
A89: Number of Blow | B89: 35 | C89: 20 | D89: 16
A90: LL | B90: 0.6
A92: Plastic Limit Test
A93: Tail number | B93: 1 | C93: 2 | D93: 3
A94: Mass of Can (g) | B94: 12.28 | C94: 11.89 | D94: 11.68
A95: Mass of Can + Moist Soil (g) | B95: 16.94 | C95: 16.4 | D95: 16.62
A96: Mass of Can + Dry Soil (g) | B96: 15.47 | C96: 14.99 | D96: 15.13
A97: water content (%) | B97: =(B95-B96)/(B96-B94) -> 0.46081505 | C97: =(C95-C96)/(C96-C94) -> 0.45483871 | D97: =(D95-D96)/(D96-D94) -> 0.43188406
A98: PL | B98: =AVERAGE(C97:E97) -> 0.44336138
A101: ELT 0.89m
A102: Liquid Limit Test
A103: Tail number | B103: 1 | C103: 2 | D103: 3
A104: Mass of Can (g) | B104: 11.43 | C104: 11.9 | D104: 12.03
A105: Mass of Can + Moist Soil (g) | B105: 14.91 | C105: 15.39 | D105: 14.74
A106: Mass of Can + Dry Soil (g) | B106: 13.03 | C106: 13.63 | D106: 13.22
A107: water content (%) | B107: =(-B106+B105)/(B106-B104) -> 1.175 | C107: =(-C106+C105)/(C106-C104) -> 1.017341 | D107: =(-D106+D105)/(D106-D104) -> 1.2773109
A108: Number of Blow | B108: 21 | C108: 31 | D108: 13
A109: LL | B109: 1.1
A111: Plastic Limit Test
A112: Tail number | B112: 1 | C112: 2 | D112: 3
A113: Mass of Can (g) | B113: 12.12 | C113: 11.68 | D113: 12.01
A114: Mass of Can + Moist Soil (g) | B114: 15.82 | C114: 15.54 | D114: 15.42
A115: Mass of Can + Dry Soil (g) | B115: 14.12 | C115: 13.86 | D115: 13.82
A116: water content (%) | B116: =(B114-B115)/(B115-B113) -> 0.85 | C116: =(C114-C115)/(C115-C113) -> 0.7706422 | D116: =(D114-D115)/(D115-D113) -> 0.8839779
A117: PL | B117: =AVERAGE(B116:D116) -> 0.83487337

Sheet PSD UTU z=0.0
B1: Sieve Analysis
A2: Sieve # | B2: Diameter (mm) | C2: Mass retained (g) | D2: % Finer | P2: Hydrometer Reading | Q2: L | R2: Hydrometer Reading | S2: L | T2: Hydrometer Reading | U2: L | V2: Hydrometer Reading | W2: L
A3: 10 | B3: 2 | C3: 4.57 | D3: =($C$10-C3)/$C$10 -> 0.98318307 | G3: Water viscosity | H3: A | I3: Ft | Q3: (cm) | S3: (cm) | U3: (cm) | W3: (cm)
A4: 40 | B4: 0.4 | C4: 117.53 | D4: =($C$10-C4-C3)/$C$10 -> 0.55068997 | G4: =0.000931*98.0665 -> 0.091299911 | H4: 0.0134 | I4: =-4.85+23*0.25 -> 0.9 | P4: 0 | Q4: 16.3 | R4: 13 | S4: 14.2 | T4: 26 | U4: 12 | V4: 39 | W4: 9.9
A5: 60 | B5: 0.25 | C5: 38.54 | D5: =($C$10-C5-C4-C3)/$C$10 -> 0.40886845 | P5: 1 | Q5: 16.1 | R5: 14 | S5: 14 | T5: 27 | U5: 11.9 | V5: 40 | W5: 9.7
A6: 80 | B6: 0.177 | C6: 17.01 | D6: =($C$10-C6-C5-C4-C3)/$C$10 -> 0.34627415 | P6: 2 | Q6: 16 | R6: 15 | S6: 13.8 | T6: 28 | U6: 11.7 | V6: 41 | W6: 9.6
A7: 100 | B7: 0.149 | C7: 7.64 | D7: =($C$10-C7-C6-C5-C4-C3)/$C$10 -> 0.31816007 | P7: 3 | Q7: 15.8 | R7: 16 | S7: 13.7 | T7: 29 | U7: 11.5 | V7: 42 | W7: 9.4
A8: 200 | B8: 0.075 | C8: 25.97 | D8: =($C$10-C8-C7-C6-C5-C4-C3)/$C$10 -> 0.2225943 | P8: 4 | Q8: 15.6 | R8: 17 | S8: 13.5 | T8: 30 | U8: 11.4 | V8: 43 | W8: 9.2
A9: Pan | C9: 60.49 | D9: =C9/$C$10 -> 0.2225943 | P9: 5 | Q9: 15.5 | R9: 18 | S9: 13.6 | T9: 31 | U9: 11.2 | V9: 44 | W9: 9.1
B10: Total mass | C10: =SUM(C3:C9) -> 271.75 | P10: 6 | Q10: 15.3 | R10: 19 | S10: 13.2 | T10: 32 | U10: 11.1 | V10: 45 | W10: 8.9
P11: 7 | Q11: 15.2 | R11: 20 | S11: 13 | T11: 33 | U11: 10.9 | V11: 46 | W11: 8.8
B12: Hydrometer test | P12: 8 | Q12: 15 | R12: 21 | S12: 12.9 | T12: 34 | U12: 10.7 | V12: 47 | W12: 8.6
B13: Hydrometer Reading | C13: L (cm) | D13: t (min) | E13: D (mm) | F13: Percentage Finer | P13: 9 | Q13: 14.8 | R13: 22 | S13: 12.7 | T13: 35 | U13: 10.6 | V13: 48 | W13: 8.4
B14: 30 | C14: 11.4 | D14: 2 | E14: =$H$4*SQRT(C14/D14) -> 0.031992062 | F14: =(B14+$I$4)*100*$H$4/60*$D$9 -> 0.15361232 | P14: 10 | Q14: 14.7 | R14: 23 | S14: 12.5 | T14: 36 | U14: 10.4 | V14: 49 | W14: 8.3
B15: 29 | C15: 11.5 | D15: 4 | E15: =$H$4*SQRT(C15/D15) -> 0.022720805 | F15: =(B15+$I$4)*100*$H$4/60*$D$9 -> 0.14864105 | P15: 11 | Q15: 14.5 | R15: 24 | S15: 12.4 | T15: 37 | U15: 10.2 | V15: 50 | W15: 8.1
B16: 26 | C16: =U4 -> 12 | D16: 8 | E16: =$H$4*SQRT(C16/D16) -> 0.016411581 | F16: =(B16+$I$4)*100*$H$4/60*$D$9 -> 0.13372723 | P16: 12 | Q16: 14.3 | R16: 25 | S16: 12.2 | T16: 38 | U16: 10.1 | V16: 51 | W16: 7.9
B17: 24 | C17: =S15 -> 12.4 | D17: 16 | E17: =$H$4*SQRT(C17/D17) -> 0.011796567 | F17: =(B17+$I$4)*100*$H$4/60*$D$9 -> 0.12378469
B18: 22 | C18: =S13 -> 12.7 | D18: 30 | E18: =$H$4*SQRT(C18/D18) -> 0.0087185855 | F18: =(B18+$I$4)*100*$H$4/60*$D$9 -> 0.11384214
B19: 20 | C19: =S11 -> 13 | D19: 60 | E19: =$H$4*SQRT(C19/D19) -> 0.0062373606 | F19: =(B19+$I$4)*100*$H$4/60*$D$9 -> 0.1038996
B20: 18 | C20: =S9 -> 13.6 | D20: 120 | E20: =$H$4*SQRT(C20/D20) -> 0.0045111122 | F20: =(B20+$I$4)*100*$H$4/60*$D$9 -> 0.093957052
B21: 17 | C21: =S8 -> 13.5 | D21: 240 | E21: =$H$4*SQRT(C21/D21) -> 0.003178089 | F21: =(B21+$I$4)*100*$H$4/60*$D$9 -> 0.08898578
B22: 15 | C22: =S6 -> 13.8 | D22: 480 | E22: =$H$4*SQRT(C22/D22) -> 0.0022720805 | F22: =(B22+$I$4)*100*$H$4/60*$D$9 -> 0.079043235
B23: 13 | C23: =S4 -> 14.2 | D23: =D22*3 -> 1440 | E23: =$H$4*SQRT(C23/D23) -> 0.0013306619 | F23: =(B23+$I$4)*100*$H$4/60*$D$9 -> 0.069100689
C25: Particle size class | D25: Percentage
C26: Gravel | D26: 0
C27: Sand | D27: =1-D8 -> 0.7774057
C28: Silt | D28: =1-D27-D26-D29 -> 0.1435943
C29: Clay | D29: 0.079
C30: Silty Sand

Sheet PSD UTU z=0.35
B2: Sieve Analysis
A3: Sieve # | B3: Diameter (mm) | C3: Mass retained (g) | D3: % Finer
A4: 4 | B4: 4.75 | C4: 2.65 | D4: =($C$12-C4)/$C$12 -> 0.99063439
A5: 10 | B5: 2 | C5: 7.11 | D5: =($C$12-C5-C4)/$C$12 -> 0.96550627
A6: 40 | B6: 0.4 | C6: 74.5 | D6: =($C$12-C6-C5-C4)/$C$12 -> 0.70220887
A7: 60 | B7: 0.25 | C7: 32.27 | D7: =($C$12-C7-C6-C5-C4)/$C$12 -> 0.58816045
A8: 80 | B8: 0.177 | C8: 22.89 | D8: =($C$12-C8-C7-C6-C5-C4)/$C$12 -> 0.50726277
A9: 100 | B9: 0.149 | C9: 3.93 | D9: =($C$12-C9-C8-C7-C6-C5-C4)/$C$12 -> 0.49337339
A10: 200 | B10: 0.075 | C10: 20.1 | D10: =($C$12-C10-C9-C8-C7-C6-C5-C4)/$C$12 -> 0.4223361
A11: Pan | C11: 119.5 | D11: 0.41
B12: Total mass | C12: =SUM(C4:C11) -> 282.95
B15: Hydrometer test | H15: Water viscosity | I15: A | J15: Ft | K15: Fm | L15: Hydrometer Reading | M15: L | N15: Hydrometer Reading | O15: L | P15: Hydrometer Reading | Q15: L | R15: Hydrometer Reading | S15: L
B16: Hydrometer Reading | C16: L (cm) | D16: t (min) | E16: D (mm) | F16: Percentage Finer | H16: =0.000931*98.0665 -> 0.091299911 | I16: 0.0134 | J16: =-4.85+23*0.25 -> 0.9 | K16: 1 | M16: (cm) | O16: (cm) | Q16: (cm) | S16: (cm)
B17: 44 | C17: =S23 -> 8.9 | D17: 2 | E17: =$I$16*SQRT(C17/D17) -> 0.028267331 | F17: =(B17+$J$16)*100*$I$16/60*'PSD UTU z=0.35'!$D$11 -> 0.41113433 | L17: 0 | M17: 16.3 | N17: 13 | O17: 14.2 | P17: 26 | Q17: 12 | R17: 39 | S17: 9.9
B18: 42 | C18: =S21 -> 9.2 | D18: 4 | E18: =$I$16*SQRT(C18/D18) -> 0.020322106 | F18: =(B18+$J$16)*100*$I$16/60*'PSD UTU z=0.35'!$D$11 -> 0.392821 | L18: 1 | M18: 16.1 | N18: 14 | O18: 14 | P18: 27 | Q18: 11.9 | R18: 40 | S18: 9.7
B19: 40 | C19: =S19 -> 9.6 | D19: 8 | E19: =$I$16*SQRT(C19/D19) -> 0.014678965 | F19: =(B19+$J$16)*100*$I$16/60*'PSD UTU z=0.35'!$D$11 -> 0.37450767 | L19: 2 | M19: 16 | N19: 15 | O19: 13.8 | P19: 28 | Q19: 11.7 | R19: 41 | S19: 9.6
B20: 36 | C20: =Q28 -> 10.2 | D20: 16 | E20: =$I$16*SQRT(C20/D20) -> 0.010699042 | F20: =(B20+$J$16)*100*$I$16/60*'PSD UTU z=0.35'!$D$11 -> 0.337881 | L20: 3 | M20: 15.8 | N20: 16 | O20: 13.7 | P20: 29 | Q20: 11.5 | R20: 42 | S20: 9.4
B21: 34 | C21: =Q26 -> 10.6 | D21: 30 | E21: =$I$16*SQRT(C21/D21) -> 0.0079652077 | F21: =(B21+$J$16)*100*$I$16/60*'PSD UTU z=0.35'!$D$11 -> 0.31956767 | L21: 4 | M21: 15.6 | N21: 17 | O21: 13.5 | P21: 30 | Q21: 11.4 | R21: 43 | S21: 9.2
B22: 30 | C22: =Q22 -> 11.2 | D22: 60 | E22: =$I$16*SQRT(C22/D22) -> 0.0057894617 | F22: =(B22+$J$16)*100*$I$16/60*'PSD UTU z=0.35'!$D$11 -> 0.282941 | L22: 5 | M22: 15.5 | N22: 18 | O22: 13.6 | P22: 31 | Q22: 11.2 | R22: 44 | S22: 9.1
B23: 27 | C23: =Q19 -> 11.7 | D23: 120 | E23: =$I$16*SQRT(C23/D23) -> 0.0041841487 | F23: =(B23+$J$16)*100*$I$16/60*'PSD UTU z=0.35'!$D$11 -> 0.255471 | L23: 6 | M23: 15.3 | N23: 19 | O23: 13.2 | P23: 32 | Q23: 11.1 | R23: 45 | S23: 8.9
B24: 25 | C24: =Q17 -> 12 | D24: 240 | E24: =$I$16*SQRT(C24/D24) -> 0.0029963311 | F24: =(B24+$J$16)*100*$I$16/60*'PSD UTU z=0.35'!$D$11 -> 0.23715767 | L24: 7 | M24: 15.2 | N24: 20 | O24: 13 | P24: 33 | Q24: 10.9 | R24: 46 | S24: 8.8
B25: 22 | C25: =O27 -> 12.5 | D25: 480 | E25: =$I$16*SQRT(C25/D25) -> 0.0021624157 | F25: =(B25+$J$16)*100*$I$16/60*'PSD UTU z=0.35'!$D$11 -> 0.20968767 | L25: 8 | M25: 15 | N25: 21 | O25: 12.9 | P25: 34 | Q25: 10.7 | R25: 47 | S25: 8.6
B26: 18 | C26: =O23 -> 13.2 | D26: =D25*3 -> 1440 | E26: =$I$16*SQRT(C26/D26) -> 0.0012829523 | F26: =(B26+$J$16)*100*$I$16/60*'PSD UTU z=0.35'!$D$11 -> 0.173061 | L26: 9 | M26: 14.8 | N26: 22 | O26: 12.7 | P26: 35 | Q26: 10.6 | R26: 48 | S26: 8.4
L27: 10 | M27: 14.7 | N27: 23 | O27: 12.5 | P27: 36 | Q27: 10.4 | R27: 49 | S27: 8.3
C28: Particle size class | D28: Percentage | L28: 11 | M28: 14.5 | N28: 24 | O28: 12.4 | P28: 37 | Q28: 10.2 | R28: 50 | S28: 8.1
C29: Gravel | D29: =1-D4 -> 0.0093656123 | L29: 12 | M29: 14.3 | N29: 25 | O29: 12.2 | P29: 38 | Q29: 10.1 | R29: 51 | S29: 7.9
C30: Sand | D30: =1-D10-D29 -> 0.56829829
C31: Silt | D31: =D10-D32 -> 0.2123361
C32: Clay | D32: 0.21 | E32: =SUM(D29:D32) -> 1
C33: Sandy Silty Clay
V34: diameter (mm)
V35: 4.75
V36: 2
V37: 0.4
V38: 0.25
V39: 0.177
V40: 0.149
V41: 0.075
V42: 0.0283

Sheet PSD UTU z=0.7
B1: Sieve Analysis
A2: Sieve # | B2: Diameter (mm) | C2: Mass retained (g) | D2: % Finer
A3: 4 | B3: 4.75 | C3: 0.19 | D3: =($C$11-C3)/$C$11 -> 0.99870041
A4: 10 | B4: 2 | C4: 2.41 | D4: =($C$11-C4-C3)/$C$11 -> 0.98221614
A5: 40 | B5: 0.4 | C5: 40.1 | D5: =($C$11-C5-C4-C3)/$C$11 -> 0.70793434
A6: 60 | B6: 0.25 | C6: 16.7 | D6: =($C$11-C6-C5-C4-C3)/$C$11 -> 0.59370725
A7: 80 | B7: 0.177 | C7: 9.17 | D7: =($C$11-C7-C6-C5-C4-C3)/$C$11 -> 0.53098495
A8: 100 | B8: 0.149 | C8: 3.67 | D8: =($C$11-C8-C7-C6-C5-C4-C3)/$C$11 -> 0.50588235
A9: 200 | B9: 0.074 | C9: 13.52 | D9: =($C$11-C9-SUM(C3:C8))/$C$11 -> 0.41340629
A10: Pan | C10: =C11-SUM(C3:C9) -> 60.44 | D10: =(C10)/$C$11 -> 0.41340629
B11: Total mass | C11: 146.2
C14: Hydrometer test | I14: Water viscosity | J14: A | K14: Ft | L14: Fm | M14: Hydrometer Reading | N14: L | O14: Hydrometer Reading | P14: L | Q14: Hydrometer Reading | R14: L | S14: Hydrometer Reading | T14: L
C15: Hydrometer Reading | D15: L (cm) | E15: t (min) | F15: D (mm) | G15: Percentage Finer | I15: =0.000931*98.0665 -> 0.091299911 | J15: 0.0134 | K15: =-4.85+23*0.25 -> 0.9 | L15: 1 | N15: (cm) | P15: (cm) | R15: (cm) | T15: (cm)
C16: 43 | D16: 9.1 | E16: 2 | F16: =$J$15*SQRT(D16/E16) -> 0.028583177 | G16: =(C16+$K$15)*100*$J$15/60*$D$10 -> 0.40531731 | M16: 0 | N16: 16.3 | O16: 13 | P16: 14.2 | Q16: 26 | R16: 12 | S16: 39 | T16: 9.9
C17: 39 | D17: 9.7 | E17: 4 | F17: =$J$15*SQRT(D17/E17) -> 0.020867031 | G17: =(C17+$K$15)*100*$J$15/60*$D$10 -> 0.36838635 | M17: 1 | N17: 16.1 | O17: 14 | P17: 14 | Q17: 27 | R17: 11.9 | S17: 40 | T17: 9.7
C18: 36 | D18: 10.2 | E18: 8 | F18: =$J$15*SQRT(D18/E18) -> 0.01513073 | G18: =(C18+$K$15)*100*$J$15/60*$D$10 -> 0.34068813 | M18: 2 | N18: 16 | O18: 15 | P18: 13.8 | Q18: 28 | R18: 11.7 | S18: 41 | T18: 9.6
C19: 34 | D19: 10.6 | E19: 16 | F19: =$J$15*SQRT(D19/E19) -> 0.01090681 | G19: =(C19+$K$15)*100*$J$15/60*$D$10 -> 0.32222264 | M19: 3 | N19: 15.8 | O19: 16 | P19: 13.7 | Q19: 29 | R19: 11.5 | S19: 42 | T19: 9.4
C20: 32 | D20: =R23 -> 10.9 | E20: 30 | F20: =$J$15*SQRT(D20/E20) -> 0.0080771365 | G20: =(C20+$K$15)*100*$J$15/60*$D$10 -> 0.30375716 | M20: 4 | N20: 15.6 | O20: 17 | P20: 13.5 | Q20: 30 | R20: 11.4 | S20: 43 | T20: 9.2
C21: 30 | D21: =R21 -> 11.2 | E21: 60 | F21: =$J$15*SQRT(D21/E21) -> 0.0057894617 | G21: =(C21+$K$15)*100*$J$15/60*$D$10 -> 0.28529168 | M21: 5 | N21: 15.5 | O21: 18 | P21: 13.6 | Q21: 31 | R21: 11.2 | S21: 44 | T21: 9.1
C22: 26 | D22: =R17 -> 11.9 | E22: 120 | F22: =$J$15*SQRT(D22/E22) -> 0.0042197591 | G22: =(C22+$K$15)*100*$J$15/60*$D$10 -> 0.24836072 | M22: 6 | N22: 15.3 | O22: 19 | P22: 13.2 | Q22: 32 | R22: 11.1 | S22: 45 | T22: 8.9
C23: 23 | D23: =P27 -> 12.4 | E23: 240 | F23: =$J$15*SQRT(D23/E23) -> 0.0030458606 | G23: =(C23+$K$15)*100*$J$15/60*$D$10 -> 0.2206625 | M23: 7 | N23: 15.2 | O23: 20 | P23: 13 | Q23: 33 | R23: 10.9 | S23: 46 | T23: 8.8
C24: 21 | D24: =P25 -> 12.7 | E24: 480 | F24: =$J$15*SQRT(D24/E24) -> 0.0021796464 | G24: =(C24+$K$15)*100*$J$15/60*$D$10 -> 0.20219702 | M24: 8 | N24: 15 | O24: 21 | P24: 12.9 | Q24: 34 | R24: 10.7 | S24: 47 | T24: 8.6
C25: 17 | D25: =P21 -> 13.6 | E25: =E24*3 -> 1440 | F25: =$J$15*SQRT(D25/E25) -> 0.0013022459 | G25: =(C25+$K$15)*100*$J$15/60*$D$10 -> 0.16526606 | M25: 9 | N25: 14.8 | O25: 22 | P25: 12.7 | Q25: 35 | R25: 10.6 | S25: 48 | T25: 8.4
M26: 10 | N26: 14.7 | O26: 23 | P26: 12.5 | Q26: 36 | R26: 10.4 | S26: 49 | T26: 8.3
E27: Particle size class | F27: Percentage | M27: 11 | N27: 14.5 | O27: 24 | P27: 12.4 | Q27: 37 | R27: 10.2 | S27: 50 | T27: 8.1
E28: Gravel | F28: =1-D3 -> 0.0012995896 | M28: 12 | N28: 14.3 | O28: 25 | P28: 12.2 | Q28: 38 | R28: 10.1 | S28: 51 | T28: 7.9
E29: Sand | F29: =1-F28-F30-F31 -> 0.58529412
E30: Silt | F30: =D9-F31 -> 0.21340629
E31: Clay | F31: 0.2
E32: Sandy Silty Clay
Y41: diameter (mm)
Y42: 4.75
Y43: 2
Y44: 0.4
Y45: 0.25
Y46: 0.177
Y47: 0.149
Y48: 0.074
Y49: 0.0286

Sheet PSD ELT z=0.15
B2: Coarse | C2: 66.4
B3: Fine | C3: 111.65
C7: Sieve Analysis
B8: Sieve # | C8: Diameter (mm) | D8: Mass retained (g) | E8: % Finer
C9: 18.85 | D9: 8.6 | E9: =($D$16-D9)/$D$16 -> 0.95169896
B10: 4 | C10: 4.75 | D10: 20.45 | E10: =($D$16-D10-D9)/$D$16 -> 0.83684358
B11: 10 | C11: 2 | D11: 8.09 | E11: =($D$16-D11-D10-D9)/$D$16 -> 0.79140691
B12: 40 | C12: 0.4 | D12: 13.23 | E12: =($D$16-D12-D11-D10-D9)/$D$16 -> 0.71710194
B13: 60 | C13: 0.25 | D13: 10.26 | E13: =($D$16-D13-D12-D11-D10-D9)/$D$16 -> 0.65947767
B14: 200 | C14: 0.075 | D14: =C2-SUM(D9:D13) -> 5.77 | E14: =($D$16-D14-D13-D12-D11-D10-D9)/$D$16 -> 0.62707105
B15: Pan | D15: 111.65 | E15: 0.6301
C16: Total mass | D16: =C3+C2 -> 178.05 | E16: 0.55
D18: Hydrometer test | J18: Water viscosity | K18: A | L18: Ft | M18: Fm | N18: Hydrometer Reading | O18: L | P18: Hydrometer Reading | Q18: L | R18: Hydrometer Reading | S18: L | T18: Hydrometer Reading | U18: L
D19: Hydrometer Reading | E19: L (cm) | F19: t (min) | G19: D (mm) | H19: Percentage Finer | J19: =0.000931*98.0665 -> 0.091299911 | K19: 0.0134 | L19: =-4.85+23*0.25 -> 0.9 | M19: 1 | O19: (cm) | Q19: (cm) | S19: (cm) | U19: (cm)
D20: 38 | E20: =U20 -> 9.9 | F20: 2 | G20: =$K$19*SQRT(E20/F20) -> 0.029813118 | H20: =(D20+$L$19)*100*$K$19/60*$E$15 -> 0.54740988 | N20: 0 | O20: 16.3 | P20: 13 | Q20: 14.2 | R20: 26 | S20: 12 | T20: 39 | U20: 9.9
D21: 36 | E21: =S31 -> 10.2 | F21: 4 | G21: =$K$19*SQRT(E21/F21) -> 0.021398084 | H21: =(D21+$L$19)*100*$K$19/60*$E$15 -> 0.51926541 | N21: 1 | O21: 16.1 | P21: 14 | Q21: 14 | R21: 27 | S21: 11.9 | T21: 40 | U21: 9.7
D22: 34 | E22: =S29 -> 10.6 | F22: 8 | G22: =$K$19*SQRT(E22/F22) -> 0.015424558 | H22: =(D22+$L$19)*100*$K$19/60*$E$15 -> 0.49112094 | N22: 2 | O22: 16 | P22: 15 | Q22: 13.8 | R22: 28 | S22: 11.7 | T22: 41 | U22: 9.6
D23: 31 | E23: =S26 -> 11.1 | F23: 16 | G23: =$K$19*SQRT(E23/F23) -> 0.011161082 | H23: =(D23+$L$19)*100*$K$19/60*$E$15 -> 0.44890424 | N23: 3 | O23: 15.8 | P23: 16 | Q23: 13.7 | R23: 29 | S23: 11.5 | T23: 42 | U23: 9.4
D24: 29 | E24: =S24 -> 11.4 | F24: 30 | G24: =$K$19*SQRT(E24/F24) -> 0.0082603148 | H24: =(D24+$L$19)*100*$K$19/60*$E$15 -> 0.42075978 | N24: 4 | O24: 15.6 | P24: 17 | Q24: 13.5 | R24: 30 | S24: 11.4 | T24: 43 | U24: 9.2
D25: 26 | E25: =S21 -> 11.9 | F25: 60 | G25: =$K$19*SQRT(E25/F25) -> 0.0059676405 | H25: =(D25+$L$19)*100*$K$19/60*$E$15 -> 0.37854308 | N25: 5 | O25: 15.5 | P25: 18 | Q25: 13.6 | R25: 31 | S25: 11.2 | T25: 44 | U25: 9.1
D26: 24 | E26: =Q32 -> 12.2 | F26: 120 | G26: =$K$19*SQRT(E26/F26) -> 0.0042726182 | H26: =(D26+$L$19)*100*$K$19/60*$E$15 -> 0.35039861 | N26: 6 | O26: 15.3 | P26: 19 | Q26: 13.2 | R26: 32 | S26: 11.1 | T26: 45 | U26: 8.9
D27: 21 | E27: =Q29 -> 12.7 | F27: 240 | G27: =$K$19*SQRT(E27/F27) -> 0.0030824855 | H27: =(D27+$L$19)*100*$K$19/60*$E$15 -> 0.30818191 | N27: 7 | O27: 15.2 | P27: 20 | Q27: 13 | R27: 33 | S27: 10.9 | T27: 46 | U27: 8.8
D28: 19 | E28: =Q27 -> 13 | F28: 480 | G28: =$K$19*SQRT(E28/F28) -> 0.00220524 | H28: =(D28+$L$19)*100*$K$19/60*$E$15 -> 0.28003744 | N28: 8 | O28: 15 | P28: 21 | Q28: 12.9 | R28: 34 | S28: 10.7 | T28: 47 | U28: 8.6
D29: 16 | E29: =Q24 -> 13.5 | F29: =F28*3 -> 1440 | G29: =$K$19*SQRT(E29/F29) -> 0.0012974494 | H29: =(D29+$L$19)*100*$K$19/60*$E$15 -> 0.23782074 | N29: 9 | O29: 14.8 | P29: 22 | Q29: 12.7 | R29: 35 | S29: 10.6 | T29: 48 | U29: 8.4
N30: 10 | O30: 14.7 | P30: 23 | Q30: 12.5 | R30: 36 | S30: 10.4 | T30: 49 | U30: 8.3
F31: Particle size class | G31: Percentage | N31: 11 | O31: 14.5 | P31: 24 | Q31: 12.4 | R31: 37 | S31: 10.2 | T31: 50 | U31: 8.1
F32: Gravel | G32: =1-E10 -> 0.16315642 | N32: 12 | O32: 14.3 | P32: 25 | Q32: 12.2 | R32: 38 | S32: 10.1 | T32: 51 | U32: 7.9
F33: Sand | G33: =1-E15-G32 -> 0.20674358
F34: Silt | G34: =E14-G35 -> 0.34707105
F35: Clay | G35: 0.28 | H35: =SUM(G32:G35) -> 0.99697105
F36: Sandy Silty Clay
W47: diameter (mm)
W48: 18.85
W49: 4.75
W50: 2
W51: 0.4
W52: 0.25
W53: 0.075
W54: 0.074
W55: =G20 -> 0.029813118

Sheet PSD ELT z=0.42 
B2: Coarse | C2: 31.1
B3: Fine | C3: 32.4
B5: Sieve Analysis
A6: Sieve # | B6: Diameter (mm) | C6: Mass retained (g) | D6: % Finer
B7: 18.85 | C7: 7.81 | D7: =($C$14-C7)/$C$14 -> 0.87700787
A8: 4 | B8: 4.75 | C8: 13.22 | D8: =($C$14-C8-C7)/$C$14 -> 0.6688189
A9: 10 | B9: 2 | C9: 1.41 | D9: =($C$14-C9-C8-C7)/$C$14 -> 0.64661417
A10: 40 | B10: 0.4 | C10: 1.49 | D10: =($C$14-C10-C9-C8-C7)/$C$14 -> 0.62314961
A11: 60 | B11: 0.25 | C11: 1.01 | D11: =($C$14-C11-C10-C9-C8-C7)/$C$14 -> 0.60724409
A12: 200 | B12: 0.074 | C12: =C2-SUM(C7:C11) -> 6.16 | D12: =($C$14-C12-C11-C10-C9-C8-C7)/$C$14 -> 0.51023622
A13: Pan | C13: 32.4 | D13: =C13/C14 -> 0.51023622
B14: Total mass | C14: =C2+C3 -> 63.5 | D14: 0.443
C18: Particle size class | D18: Percentage | G18: Hydrometer test
C19: Gravel | D19: =1-D8 -> 0.3311811 | G19: Hydrometer Reading | H19: L (cm) | I19: t (min) | J19: D (mm) | K19: Percentage Finer
C20: Sand | D20: =1-D19-D13 -> 0.15858268 | G20: 38 | H20: 9.9 | I20: 2 | J20: 0.029813118 | K20: 0.443071
C21: Silt | D21: =D12-D22 -> 0.29023622 | G21: 36 | H21: 10.2 | I21: 4 | J21: 0.021398084 | K21: 0.420291
C22: Clay | D22: 0.22 | E22: =SUM(D19:D22) -> 1 | G22: 34 | H22: 10.6 | I22: 8 | J22: 0.015424558 | K22: 0.397511
C23: Sandy Silty Clay | G23: 31 | H23: 11.1 | I23: 16 | J23: 0.011161082 | K23: 0.363341
G24: 29 | H24: 11.4 | I24: 30 | J24: 0.0082603148 | K24: 0.340561
G25: 26 | H25: 11.9 | I25: 60 | J25: 0.0059676405 | K25: 0.306391
G26: 24 | H26: 12.2 | I26: 120 | J26: 0.0042726182 | K26: 0.283611
G27: 21 | H27: 12.7 | I27: 240 | J27: 0.0030824855 | K27: 0.249441
G28: 19 | H28: 13 | I28: 480 | J28: 0.00220524 | K28: 0.226661
G29: 16 | H29: 13.5 | I29: 1440 | J29: 0.0012974494 | K29: 0.192491
Q44: diameter (mm)
Q45: 18.85
Q46: 4.75
Q47: 2
Q48: 0.4
Q49: 0.25
Q50: 0.074
Q51: 0.074
Q52: =J20 -> 0.029813118

Sheet PSD ELT z=0.82
B2: Coarse | C2: 0.1
B3: Fine | C3: 0.9
D8: Hydrometer test | J8: Water viscosity | K8: A | L8: Ft | M8: Fm | N8: Hydrometer Reading | O8: L | P8: Hydrometer Reading | Q8: L | R8: Hydrometer Reading | S8: L | T8: Hydrometer Reading | U8: L
D9: Hydrometer Reading | E9: L (cm) | F9: t (min) | G9: D (mm) | H9: Percentage Finer | J9: =0.000931*98.0665 -> 0.091299911 | K9: 0.0134 | L9: =-4.85+23*0.25 -> 0.9 | M9: 1 | O9: (cm) | Q9: (cm) | S9: (cm) | U9: (cm)
D10: 29 | E10: =S13 -> 11.5 | F10: 2 | G10: =$K$9*SQRT(E10/F10) -> 0.032132071 | H10: =(D10+$L$9)*100*$K$9/38*0.9 -> 0.94893158 | N10: 0 | O10: 16.3 | P10: 13 | Q10: 14.2 | R10: 26 | S10: 12 | T10: 39 | U10: 9.9
D11: 28 | E11: =S12 -> 11.7 | F11: 4 | G11: =$K$9*SQRT(E11/F11) -> 0.022917526 | H11: =(D11+$L$9)*100*$K$9/38*0.9 -> 0.91719474 | N11: 1 | O11: 16.1 | P11: 14 | Q11: 14 | R11: 27 | S11: 11.9 | T11: 40 | U11: 9.7
D12: 28 | E12: =S12 -> 11.7 | F12: 8 | G12: =$K$9*SQRT(E12/F12) -> 0.016205138 | H12: =(D12+$L$9)*100*$K$9/38*0.9 -> 0.91719474 | N12: 2 | O12: 16 | P12: 15 | Q12: 13.8 | R12: 28 | S12: 11.7 | T12: 41 | U12: 9.6
D13: 27 | E13: =S11 -> 11.9 | F13: 16 | G13: =$K$9*SQRT(E13/F13) -> 0.011556286 | H13: =(D13+$L$9)*100*$K$9/38*0.9 -> 0.88545789 | N13: 3 | O13: 15.8 | P13: 16 | Q13: 13.7 | R13: 29 | S13: 11.5 | T13: 42 | U13: 9.4
D14: 24 | E14: =Q21 -> 12.4 | F14: 30 | G14: =$K$9*SQRT(E14/F14) -> 0.0086149947 | H14: =(D14+$L$9)*100*$K$9/38*0.9 -> 0.79024737 | N14: 4 | O14: 15.6 | P14: 17 | Q14: 13.5 | R14: 30 | S14: 11.4 | T14: 43 | U14: 9.2
D15: 22 | E15: =Q19 -> 12.7 | F15: 60 | G15: =$K$9*SQRT(E15/F15) -> 0.0061649709 | H15: =(D15+$L$9)*100*$K$9/38*0.9 -> 0.72677368 | N15: 5 | O15: 15.5 | P15: 18 | Q15: 13.6 | R15: 31 | S15: 11.2 | T15: 44 | U15: 9.1
D16: 20 | E16: =Q17 -> 13 | F16: 120 | G16: =$K$9*SQRT(E16/F16) -> 0.0044104799 | H16: =(D16+$L$9)*100*$K$9/38*0.9 -> 0.6633 | N16: 6 | O16: 15.3 | P16: 19 | Q16: 13.2 | R16: 32 | S16: 11.1 | T16: 45 | U16: 8.9
D17: 18 | E17: =Q15 -> 13.6 | F17: 240 | G17: =$K$9*SQRT(E17/F17) -> 0.003189838 | H17: =(D17+$L$9)*100*$K$9/38*0.9 -> 0.59982632 | N17: 7 | O17: 15.2 | P17: 20 | Q17: 13 | R17: 33 | S17: 10.9 | T17: 46 | U17: 8.8
D18: 17 | E18: =Q14 -> 13.5 | F18: 480 | G18: =$K$9*SQRT(E18/F18) -> 0.0022472483 | H18: =(D18+$L$9)*100*$K$9/38*0.9 -> 0.56808947 | N18: 8 | O18: 15 | P18: 21 | Q18: 12.9 | R18: 34 | S18: 10.7 | T18: 47 | U18: 8.6
D19: 14 | E19: =Q11 -> 14 | F19: =F18*3 -> 1440 | G19: =$K$9*SQRT(E19/F19) -> 0.0013212578 | H19: =(D19+$L$9)*100*$K$9/38*0.9 -> 0.47287895 | N19: 9 | O19: 14.8 | P19: 22 | Q19: 12.7 | R19: 35 | S19: 10.6 | T19: 48 | U19: 8.4
N20: 10 | O20: 14.7 | P20: 23 | Q20: 12.5 | R20: 36 | S20: 10.4 | T20: 49 | U20: 8.3
N21: 11 | O21: 14.5 | P21: 24 | Q21: 12.4 | R21: 37 | S21: 10.2 | T21: 50 | U21: 8.1
N22: 12 | O22: 14.3 | P22: 25 | Q22: 12.2 | R22: 38 | S22: 10.1 | T22: 51 | U22: 7.9

Sheet sat_density
A1: Saturated bulk density, | B1: rsat [g/cm^3]
A3: UTU-1 z=0m
A4: h (cm) | B4: 2.82
A5: D (cm) | B5: 6.13
A6: Area (m^2) | B6: =(PI()*B5^2)*0.0001/4 -> 0.0029512828
A7: Volume (cc) | B7: =(B4*PI()*B5^2)/4 -> 83.226176
A10: mass c= | B10: 110.71
A11: mass c+wet= | B11: 268.93
A12: mass c+dry | B12: 233.79
A13: w= | B13: =(B11-B12)/(B12-B10) -> 0.28550536
A14: sat density | B14: =(B11-B10)/B7 -> 1.9010846
A16: UTU-1 z=0.35m
A17: mass c (g)= | B17: 156.7
A18: mass c+wet (g)= | B18: 337.8
A19: moist soil (g)= | B19: =B18-B17 -> 181.1
A21: Volume | B21: =B22*B23 -> 103.88516
A22: Area | B22: =PI()*0.25*6.13^2 -> 29.512828
A23: height= | B23: =6.62-3.1 -> 3.52
A24: mass sat= | B24: 197.06
A25: mass dry= | B25: =303.8-B17 -> 147.1
A26: sat density | B26: =B24/B21 -> 1.8969024
A28: UTU-1 z=0.7m
A29: Mass in situ (g)= | B29: 125.51
A30: h (cm) | B30: 2.82
A31: D (cm) | B31: 6.13
A32: Area (m^2) | B32: =(PI()*B31^2)*0.0001/4 -> 0.0029512828
A33: Volume (cc) | B33: =(B30*PI()*B31^2)/4 -> 83.226176
A34: total density (g/cc) | B34: =B29/B33 -> 1.5080592
A36: mass c= | B36: 126.55
A37: mass c+wet= | B37: 265.3
A38: mass c+dry | B38: 219.14
A39: w= | B39: =(B37-B38)/(B38-B36) -> 0.49854196
A40: sat density | B40: =(B37-B36)/B33 -> 1.6671438
A42: ELT-1 z=0.15m
A43: Volume | B43: =B44*B45 -> 88.538485
A44: Area | B44: =PI()*0.25*6.13^2 -> 29.512828
A45: height= | B45: 3
A46: mass sat= | B46: 158
A47: mass dry= | B47: 112
A48: sat density | B48: =B46/B43 -> 1.7845347
A50: ELT-1 z=0.42m
A51: mass c (g)= | B51: 168.9
A52: mass c+moist (g)= | B52: 331.3
A53: dry soil (g)= | B53: =(B54-B51)/(1+D59) -> 174.7
A54: mass c+sat= | B54: 343.6
A55: Volume | B55: =B56*B57 -> 89.128741
A56: Area | B56: =PI()*0.25*6.13^2 -> 29.512828
A57: height= | B57: 3.02
A58: mass sat= | B58: =261.3-100.3 -> 161
A59: mass dry= | B59: =215.2-100.3 -> 114.9
A60: sat density | B60: =B58/B55 -> 1.8063758

Sheet Direct_shear_ELT&UTU
A1: Total stress due to porous stone, loading cap, and selfweight of soil (kPa)= | E1: =0.284+0.769 -> 1.053
A2: Pore water pressure (kPa)= | E2: 0.04
A3: Utuado | B3: Slope angle = 42degrees
A5: Sample | B5: Depth from surface (m) | C5: Total Normal stress (kPa) | D5: Effective normal stress (kPa) | E5: Shear stress (kPa) | F5: c' (kPa) | G5: phi' (deg) | H5: Sample
A6: UTU-1 z=0.0m | B6: 0.92 | C6: 4.06944 | D6: =C6-$E$2 -> 4.02944 | E6: 8.52264 | F6: 4.58 | G6: =ATAN(0.84)*(180/PI()) -> 40.030259 | H6: undisturbed
C7: 7.038 | D7: =C7-$E$2 -> 6.998 | E7: 9.67176 | H7: undisturbed
C8: 13.023 | D8: =C8-$E$2 -> 12.983 | E8: 15.8004 | H8: undisturbed
A9: UTU-1 z=0.35m | B9: 0.57 | C9: 0.2 | D9: 0.172 | E9: 1.125 | H9: undisturbed
C10: 3.06396 | D10: =C10-$E$2 -> 3.02396 | E10: 7.75656 | F10: 4.42 | G10: =ATAN(0.695)*(180/PI()) -> 34.799301 | H10: undisturbed
C11: 4.21308 | D11: =C11-$E$2 -> 4.17308 | E11: 10.0548 | H11: undisturbed
C12: 11.05992 | D12: =C12-$E$2 -> 11.01992 | E12: 14.74704 | H12: undisturbed
C13: 20.205 | D13: =C13-$E$2 -> 20.165 | E13: 17.33256 | H13: disturbed
C14: 40 | D14: 39.85 | E14: 32.44 | H14: undisturbed
C15: 60 | D15: 59.85 | E15: 43.42 | H15: undisturbed
C16: 120 | D16: 119.85 | E16: 86.6049 | H16: undisturbed
A17: UTU-7-B and UTU-8-B z=0.55m | C17: =D17+$E$2 -> 0.2115558 | D17: 0.1715558 | E17: 1.08 | H17: undisturbed
A18: (similar to UTU-1, z=0.35m) | C18: =D18+$E$2 -> 0.9805558 | D18: 0.9405558 | E18: 1.77 | H18: undisturbed
C19: =D19+$E$2 -> 1.9805558 | D19: 1.9405558 | E19: 3.195 | H19: undisturbed
C20: =D20+$E$2 -> 4.9805558 | D20: 4.9405558 | E20: 5.374 | H20: undisturbed
C21: =D21+$E$2 -> 6.9805558 | D21: 6.9405558 | E21: 4.288 | H21: undisturbed
C22: =D22+$E$2 -> 15.980556 | D22: 15.940556 | E22: 15.314 | H22: undisturbed
C23: =D23+$E$2 -> 30.980556 | D23: 30.940556 | E23: 25.029 | H23: undisturbed
C24: =D24+$E$2 -> 60.980556 | D24: 60.940556 | E24: 52.339 | H24: undisturbed
A25: UTU-1 z=0.7m | B25: =0.92-0.7 -> 0.22 | C25: 7.038 | D25: =C25-$E$2 -> 6.998 | E25: 10.38996 | F25: 0.42 | G25: =ATAN(1.37)*(180/PI()) -> 53.873284 | H25: undisturbed
C26: 4.06944 | D26: =C26-$E$2 -> 4.02944 | E26: 5.0274 | H26: undisturbed
C27: 2.05848 | D27: =C27-$E$2 -> 2.01848 | E27: 3.73464 | H27: undisturbed
A103: Total stress due to porous stone, loading cap, and selfweight of soil (kPa)= | E103: =0.284+0.769 -> 1.053
A104: Pore water pressure (kPa)= | E104: 0.04
A105: El Toro | B105: Slope angle = 45degrees | C105: These samples had roots and some cobbles, so the tested samples were disturbed.
C106: Total
A107: Sample | B107: Depth from surface (m) | C107: Total Normal stress kPa | D107: Effective normal stress (kPa) | E107: Shear stress kPa | F107: c' (kPa) | G107: phi' (deg) | H107: Sample
A108: ELT-1 z=0.89m | B108: 0.43 | C108: 3.06396 | D108: =C108-E104 -> 3.02396 | E108: 7.27776 | F108: 5.13 | G108: =ATAN(0.6984)*(180/PI()) -> 34.930448 | H108: disturbed
C109: 5.07492 | D109: =C109-E105 -> 5.07492 | E109: 8.6184 | H109: disturbed
C110: 8.04348 | D110: =C110-E106 -> 8.04348 | E110: 10.773 | H110: disturbed
C111: 0.2 | D111: 0.2 | E111: 2.315 | H111: Undisturbed
C112: 1 | D112: 0.85 | E112: 2.087 | H112: Undisturbed
A113: ELT-1 z=0.42m | B113: 0.9 | C113: 4.21308 | D113: =C113-$E$104 -> 4.17308 | E113: 6.17652 | F113: 0 | G113: =ATAN(0.7144)*(180/PI()) -> 35.542013 | H113: disturbed
C114: 20 | D114: 19.85 | E114: 15.93 | H114: Undisturbed
C115: 40 | D115: 39.85 | E115: 32.3 | H115: Undisturbed
C116: 50 | D116: 49.85 | E116: 39.356 | H116: disturbed
C117: 60 | D117: 59.85 | E117: 38.18 | H117: disturbed
C118: 60 | D118: 59.85 | E118: 34.16 | H118: disturbed
C119: 80 | D119: 79.85 | E119: 60.917657
C120: 120 | D120: 119.85 | E120: 86.778 | H120: disturbed
C121: 7.038 | D121: =C121-$E$104 -> 6.998 | E121: 9.576 | H121: disturbed
C122: 13.023 | D122: =C122-$E$104 -> 12.983 | E122: 14.65128 | H122: disturbed
A123: ELT-1 z=0.15m | B123: 1.17 | C123: 5.02704 | D123: =C123-$E$104 -> 4.98704 | E123: 7.56504 | F123: 2.2869 | G123: =ATAN(1.02)*(180/PI()) -> 45.567266 | H123: disturbed
C124: 7.038 | D124: =C124-$E$104 -> 6.998 | E124: 9.76752 | H124: disturbed
C125: 17.04492 | D125: =C125-$E$104 -> 17.00492 | E125: 18.6732 | H125: disturbed
C126: 29.781 | D126: =C126-$E$104 -> 29.741 | E126: 33.08508 | H126: disturbed

Sheet Falling_head
B2: D1. Falling head test: saturated remolded ELT sample which does not contain any particles > 5mm.
B3: Diameter of soil specimen
B5: Area of soil specimen
B7: Length of soil specimen
B9: Beginning head position
B11: Ending head position
B13: Time:
B15: Flow volume:
B17: According to falling head formula

Sheet TRIM
A1: Utuado
A3: Samples
A4: UTU-1 z=0.7m
A5: Gs= | B5: 2.6
A6: mass c (g)= | B6: 168.69
A7: mass c+wet (g)= | B7: 265.3
A8: moist soil (g)= | B8: =B7-B6 -> 96.61
A9: in situ w= | B9: =(95.88-84.88)/(84.88-39.04) -> 0.2399651
A10: dry soil (g)= | B10: =B8/(1+B9) -> 77.913483
A11: porosity small sample | B11: =1-(45.884/(B5*1*0.25*PI()*6.13^2)) -> 0.40203317
A12: porosity TRIM
A13: Volume | B13: =B14*B15 -> 92.080024
A14: Area | B14: =PI()*0.25*6.13^2 -> 29.512828
A15: height= | B15: =6.62-3.5 -> 3.12
A16: mass sat= | B16: =325.9-154.6 -> 171.3
A17: mass dry= | B17: =283.5-154.6 -> 128.9 | D17: =B16/B13 -> 1.8603383
A18: porosity | B18: =1-(B17/(B5*B13)) -> 0.46158873 | C18: =(B16-B17)/B13 -> 0.46046904
A19: Volume water initial | B19: =B18*B13 -> 42.503101 | C19: =C18*B13 -> 42.4
A21: UTU-1 z=0.35m
A22: Gs= | B22: 2.4
A23: mass c (g)= | B23: 156.7
A24: mass c+wet (g)= | B24: 337.8
A25: moist soil (g)= | B25: =B24-B23 -> 181.1
A27: Volume | B27: =B28*B29 -> 103.88516
A28: Area | B28: =PI()*0.25*6.13^2 -> 29.512828
A29: height= | B29: =6.62-3.1 -> 3.52
A30: mass sat= | B30: 197.06
A31: mass dry= | B31: =303.8-B23 -> 147.1 | D31: =B30/B27 -> 1.8969024
A32: porosity | B32: =1-(B31/(B22*B27)) -> 0.41000554 | C32: =(B30-B31)/B27 -> 0.48091568
A33: Volume water initial | B33: =B32*B27 -> 42.593489 | C33: =C32*B27 -> 49.96
A35: UTU-1 z=0.0m
A36: Gs= | B36: 2.6
A37: mass c (g)= | B37: 156.7
A38: mass c+wet (g)= | B38: 268.93
A39: dry soil (g)= | B39: 233.79
A41: Volume | B41: =B42*B43 -> 82.045663
A42: Area | B42: =PI()*0.25*6.13^2 -> 29.512828
A43: height= | B43: =6.62-3.84 -> 2.78
A44: mass sat= | B44: =306.8-B37 -> 150.1
A45: mass dry= | B45: =270.45-B37 -> 113.75
A46: porosity | B46: =1-(B45/(B36*B41)) -> 0.46676035 | C46: =(B44-B45)/B41 -> 0.44304597
A47: Volume water initial | B47: =B46*B41 -> 38.295663 | C47: =C46*B41 -> 36.35
A49: ELT-1 z= 0.42
A50: Gs= | B50: 2.57
A51: mass c (g)= | B51: 168.9
A52: mass c+moist (g)= | B52: 331.3
A53: dry soil (g)= | B53: =(B54-B51)/(1+D59) -> 124.6772
A54: mass c+sat= | B54: 343.6
A55: Volume | B55: =B56*B57 -> 89.128741
A56: Area | B56: =PI()*0.25*6.13^2 -> 29.512828
A57: height= | B57: 3.02
A58: mass sat= | B58: =261.3-100.3 -> 161 | D58: =B58/B55 -> 1.8063758
A59: mass dry= | B59: =215.2-100.3 -> 114.9 | D59: =(B58-B59)/B59 -> 0.40121845
A60: porosity | B60: =1-(B59/(B50*B55)) -> 0.4983866 | C60: =(B58-B59)/B55 -> 0.51722934
A61: Volume water initial | B61: =B60*B55 -> 44.42057 | C61: =C60*B55 -> 46.1
A63: ELT-1 z= 0.15
A64: Gs= | B64: 2.57
A65: Volume | B65: =B66*B67 -> 88.538485
A66: Area | B66: =PI()*0.25*6.13^2 -> 29.512828
A67: height= | B67: 3
A68: mass sat= | B68: 158 | D68: =B68/B65 -> 1.7845347
A69: mass dry= | B69: 112 | D69: =(B68-B69)/B69 -> 0.41071429
A70: porosity | B70: =1-(B69/(B64*B65)) -> 0.5077873 | C70: =(B68-B69)/B65 -> 0.51954808
A71: Volume water initial | B71: =B70*B65 -> 44.958718 | C71: =C70*B65 -> 46

Sheet SWR_UTU07
A1: Van Genuchten parameters | I1: Van Genuchten parameters
A2: DRYING | I2: WETTING
A3: a (1/cm) = | B3: 0.042 | C3: =B3*10.19 -> 0.42798 | D3: =1/C3 -> 2.3365578 | I3: a = | J3: 0.042 | K3: =J3*10.19 -> 0.42798 | L3: =1/K3 -> 2.3365578
A4: n = | B4: 1.586 | I4: n = | J4: 1.55
A5: m= | B5: =1-1/B4 -> 0.36948298 | I5: m= | J5: =1-1/J4 -> 0.35483871
A6: qr = | B6: 0.1 | I6: qr = | J6: 0.1
A7: qs = | B7: 0.46 | I7: qs = | J7: 0.368
A8: ksat (cm/sec)= | B8: 0.0001 | I8: ksat (cm/sec)= | J8: 4.79e-05
A9: l= | B9: 0.5 | I9: l= | J9: 0.5
A11: HCCC obtained with Van Genuchten-Mualem model | I11: HCCC obtained with Van Genuchten-Mualem model
A13: Suction (cm) | B13: Suction (kPa) | C13: q | D13: Se | E13: k (cm/s) | G13: Suction stress (kPa) | I13: Suction (cm) | J13: Suction (kPa) | K13: q | L13: Se | M13: k (cm/s) | O13: Suction stress (kPa)
A14: 1 | B14: =0.098967*A14 -> 0.098967 | C14: =$B$6+(($B$7-$B$6)/(1+($B$3*A14)^$B$4)^$B$5) -> 0.45913219 | D14: =(C14-$B$6)/($B$7-$B$6) -> 0.9975894 | E14: =$B$8*D14^$B$9*(1-(1-D14^(1/$B$5))^$B$5)^2 -> 7.1205092e-05 | F14: =$B$8*((1-(($B$3*A14)^($B$4-1))*(1+($B$3*A14)^$B$4)^(-1+1/$B$4))^2)/(1+($B$3*A14)^$B$4)^(0.5-(1/(2*$B$4))) -> 7.1205092e-05 | G14: =D14*B14 -> 0.09872843 | I14: 1 | J14: =0.098967*I14 -> 0.098967 | K14: =$J$6+(($J$7-$J$6)/(1+($J$3*I14)^$J$4)^$J$5) -> 0.3673049 | L14: =(K14-$J$6)/($J$7-$J$6) -> 0.99740634 | M14: =$J$8*L14^$J$9*(1-(1-L14^(1/$J$5))^$J$5)^2 -> 3.2603431e-05 | N14: =$J$8*((1-(($J$3*I14)^($J$4-1))*(1+($J$3*I14)^$J$4)^(-1+1/$J$4))^2)/(1+($J$3*I14)^$J$4)^(0.5-(1/(2*$J$4))) -> 3.2603431e-05 | O14: =L14*J14 -> 0.098710313
A15: 2 | B15: =0.098967*A15 -> 0.197934 | C15: =$B$6+(($B$7-$B$6)/(1+($B$3*A15)^$B$4)^$B$5) -> 0.45741772 | D15: =(C15-$B$6)/($B$7-$B$6) -> 0.99282699 | E15: =$B$8*D15^$B$9*(1-(1-D15^(1/$B$5))^$B$5)^2 -> 5.8687569e-05 | F15: =$B$8*((1-(($B$3*A15)^($B$4-1))*(1+($B$3*A15)^$B$4)^(-1+1/$B$4))^2)/(1+($B$3*A15)^$B$4)^(0.5-(1/(2*$B$4))) -> 5.8687569e-05 | G15: =D15*B15 -> 0.19651422 | I15: 2 | J15: =0.098967*I15 -> 0.197934 | K15: =$J$6+(($J$7-$J$6)/(1+($J$3*I15)^$J$4)^$J$5) -> 0.36598381 | L15: =(K15-$J$6)/($J$7-$J$6) -> 0.99247692 | M15: =$J$8*L15^$J$9*(1-(1-L15^(1/$J$5))^$J$5)^2 -> 2.6546647e-05 | N15: =$J$8*((1-(($J$3*I15)^($J$4-1))*(1+($J$3*I15)^$J$4)^(-1+1/$J$4))^2)/(1+($J$3*I15)^$J$4)^(0.5-(1/(2*$J$4))) -> 2.6546647e-05 | O15: =L15*J15 -> 0.19644493
A16: 4 | B16: =0.098967*A16 -> 0.395868 | C16: =$B$6+(($B$7-$B$6)/(1+($B$3*A16)^$B$4)^$B$5) -> 0.45244699 | D16: =(C16-$B$6)/($B$7-$B$6) -> 0.97901942 | E16: =$B$8*D16^$B$9*(1-(1-D16^(1/$B$5))^$B$5)^2 -> 4.2552611e-05 | F16: =$B$8*((1-(($B$3*A16)^($B$4-1))*(1+($B$3*A16)^$B$4)^(-1+1/$B$4))^2)/(1+($B$3*A16)^$B$4)^(0.5-(1/(2*$B$4))) -> 4.2552611e-05 | G16: =D16*B16 -> 0.38756246 | I16: 4 | J16: =0.098967*I16 -> 0.395868 | K16: =$J$6+(($J$7-$J$6)/(1+($J$3*I16)^$J$4)^$J$5) -> 0.36225399 | L16: =(K16-$J$6)/($J$7-$J$6) -> 0.97855966 | M16: =$J$8*L16^$J$9*(1-(1-L16^(1/$J$5))^$J$5)^2 -> 1.8994178e-05 | N16: =$J$8*((1-(($J$3*I16)^($J$4-1))*(1+($J$3*I16)^$J$4)^(-1+1/$J$4))^2)/(1+($J$3*I16)^$J$4)^(0.5-(1/(2*$J$4))) -> 1.8994178e-05 | O16: =L16*J16 -> 0.38738046
A17: 5 | B17: =0.098967*A17 -> 0.494835 | C17: =$B$6+(($B$7-$B$6)/(1+($B$3*A17)^$B$4)^$B$5) -> 0.44941214 | D17: =(C17-$B$6)/($B$7-$B$6) -> 0.97058927 | E17: =$B$8*D17^$B$9*(1-(1-D17^(1/$B$5))^$B$5)^2 -> 3.6789115e-05 | F17: =$B$8*((1-(($B$3*A17)^($B$4-1))*(1+($B$3*A17)^$B$4)^(-1+1/$B$4))^2)/(1+($B$3*A17)^$B$4)^(0.5-(1/(2*$B$4))) -> 3.6789115e-05 | G17: =D17*B17 -> 0.48028154 | I17: 5 | J17: =0.098967*I17 -> 0.494835 | K17: =$J$6+(($J$7-$J$6)/(1+($J$3*I17)^$J$4)^$J$5) -> 0.36001262 | L17: =(K17-$J$6)/($J$7-$J$6) -> 0.97019633 | M17: =$J$8*L17^$J$9*(1-(1-L17^(1/$J$5))^$J$5)^2 -> 1.635547e-05 | N17: =$J$8*((1-(($J$3*I17)^($J$4-1))*(1+($J$3*I17)^$J$4)^(-1+1/$J$4))^2)/(1+($J$3*I17)^$J$4)^(0.5-(1/(2*$J$4))) -> 1.635547e-05 | O17: =L17*J17 -> 0.4800871
A18: 6 | B18: =0.098967*A18 -> 0.593802 | C18: =$B$6+(($B$7-$B$6)/(1+($B$3*A18)^$B$4)^$B$5) -> 0.4461109 | D18: =(C18-$B$6)/($B$7-$B$6) -> 0.96141915 | E18: =$B$8*D18^$B$9*(1-(1-D18^(1/$B$5))^$B$5)^2 -> 3.200478e-05 | F18: =$B$8*((1-(($B$3*A18)^($B$4-1))*(1+($B$3*A18)^$B$4)^(-1+1/$B$4))^2)/(1+($B$3*A18)^$B$4)^(0.5-(1/(2*$B$4))) -> 3.200478e-05 | G18: =D18*B18 -> 0.57089262 | I18: 6 | J18: =0.098967*I18 -> 0.593802 | K18: =$J$6+(($J$7-$J$6)/(1+($J$3*I18)^$J$4)^$J$5) -> 0.35759353 | L18: =(K18-$J$6)/($J$7-$J$6) -> 0.96116988 | M18: =$J$8*L18^$J$9*(1-(1-L18^(1/$J$5))^$J$5)^2 -> 1.4186485e-05 | N18: =$J$8*((1-(($J$3*I18)^($J$4-1))*(1+($J$3*I18)^$J$4)^(-1+1/$J$4))^2)/(1+($J$3*I18)^$J$4)^(0.5-(1/(2*$J$4))) -> 1.4186485e-05 | O18: =L18*J18 -> 0.5707446
A19: 8 | B19: =0.098967*A19 -> 0.791736 | C19: =$B$6+(($B$7-$B$6)/(1+($B$3*A19)^$B$4)^$B$5) -> 0.43892786 | D19: =(C19-$B$6)/($B$7-$B$6) -> 0.94146628 | E19: =$B$8*D19^$B$9*(1-(1-D19^(1/$B$5))^$B$5)^2 -> 2.4562305e-05 | F19: =$B$8*((1-(($B$3*A19)^($B$4-1))*(1+($B$3*A19)^$B$4)^(-1+1/$B$4))^2)/(1+($B$3*A19)^$B$4)^(0.5-(1/(2*$B$4))) -> 2.4562305e-05 | G19: =D19*B19 -> 0.74539275 | I19: 8 | J19: =0.098967*I19 -> 0.791736 | K19: =$J$6+(($J$7-$J$6)/(1+($J$3*I19)^$J$4)^$J$5) -> 0.35237779 | L19: =(K19-$J$6)/($J$7-$J$6) -> 0.94170816 | M19: =$J$8*L19^$J$9*(1-(1-L19^(1/$J$5))^$J$5)^2 -> 1.0848644e-05 | N19: =$J$8*((1-(($J$3*I19)^($J$4-1))*(1+($J$3*I19)^$J$4)^(-1+1/$J$4))^2)/(1+($J$3*I19)^$J$4)^(0.5-(1/(2*$J$4))) -> 1.0848644e-05 | O19: =L19*J19 -> 0.74558425
A20: 10 | B20: =0.098967*A20 -> 0.98967 | C20: =$B$6+(($B$7-$B$6)/(1+($B$3*A20)^$B$4)^$B$5) -> 0.43125275 | D20: =(C20-$B$6)/($B$7-$B$6) -> 0.92014654 | E20: =$B$8*D20^$B$9*(1-(1-D20^(1/$B$5))^$B$5)^2 -> 1.9127668e-05 | F20: =$B$8*((1-(($B$3*A20)^($B$4-1))*(1+($B$3*A20)^$B$4)^(-1+1/$B$4))^2)/(1+($B$3*A20)^$B$4)^(0.5-(1/(2*$B$4))) -> 1.9127668e-05 | G20: =D20*B20 -> 0.91064143 | I20: 10 | J20: =0.098967*I20 -> 0.98967 | K20: =$J$6+(($J$7-$J$6)/(1+($J$3*I20)^$J$4)^$J$5) -> 0.34685477 | L20: =(K20-$J$6)/($J$7-$J$6) -> 0.92109989 | M20: =$J$8*L20^$J$9*(1-(1-L20^(1/$J$5))^$J$5)^2 -> 8.4369112e-06 | N20: =$J$8*((1-(($J$3*I20)^($J$4-1))*(1+($J$3*I20)^$J$4)^(-1+1/$J$4))^2)/(1+($J$3*I20)^$J$4)^(0.5-(1/(2*$J$4))) -> 8.4369112e-06 | O20: =L20*J20 -> 0.91158493
A21: 11 | B21: =0.098967*A21 -> 1.088637 | C21: =$B$6+(($B$7-$B$6)/(1+($B$3*A21)^$B$4)^$B$5) -> 0.42731325 | D21: =(C21-$B$6)/($B$7-$B$6) -> 0.90920348 | E21: =$B$8*D21^$B$9*(1-(1-D21^(1/$B$5))^$B$5)^2 -> 1.6957835e-05 | F21: =$B$8*((1-(($B$3*A21)^($B$4-1))*(1+($B$3*A21)^$B$4)^(-1+1/$B$4))^2)/(1+($B$3*A21)^$B$4)^(0.5-(1/(2*$B$4))) -> 1.6957835e-05 | G21: =D21*B21 -> 0.98979255 | I21: 11 | J21: =0.098967*I21 -> 1.088637 | K21: =$J$6+(($J$7-$J$6)/(1+($J$3*I21)^$J$4)^$J$5) -> 0.34403431 | L21: =(K21-$J$6)/($J$7-$J$6) -> 0.91057579 | M21: =$J$8*L21^$J$9*(1-(1-L21^(1/$J$5))^$J$5)^2 -> 7.4794153e-06 | N21: =$J$8*((1-(($J$3*I21)^($J$4-1))*(1+($J$3*I21)^$J$4)^(-1+1/$J$4))^2)/(1+($J$3*I21)^$J$4)^(0.5-(1/(2*$J$4))) -> 7.4794153e-06 | O21: =L21*J21 -> 0.9912865
A22: 13 | B22: =0.098967*A22 -> 1.286571 | C22: =$B$6+(($B$7-$B$6)/(1+($B$3*A22)^$B$4)^$B$5) -> 0.41935392 | D22: =(C22-$B$6)/($B$7-$B$6) -> 0.88709423 | E22: =$B$8*D22^$B$9*(1-(1-D22^(1/$B$5))^$B$5)^2 -> 1.3439858e-05 | F22: =$B$8*((1-(($B$3*A22)^($B$4-1))*(1+($B$3*A22)^$B$4)^(-1+1/$B$4))^2)/(1+($B$3*A22)^$B$4)^(0.5-(1/(2*$B$4))) -> 1.3439858e-05 | G22: =D22*B22 -> 1.1413097 | I22: 13 | J22: =0.098967*I22 -> 1.286571 | K22: =$J$6+(($J$7-$J$6)/(1+($J$3*I22)^$J$4)^$J$5) -> 0.33835798 | L22: =(K22-$J$6)/($J$7-$J$6) -> 0.88939545 | M22: =$J$8*L22^$J$9*(1-(1-L22^(1/$J$5))^$J$5)^2 -> 5.9326724e-06 | N22: =$J$8*((1-(($J$3*I22)^($J$4-1))*(1+($J$3*I22)^$J$4)^(-1+1/$J$4))^2)/(1+($J$3*I22)^$J$4)^(0.5-(1/(2*$J$4))) -> 5.9326724e-06 | O22: =L22*J22 -> 1.1442704
A23: 15 | B23: =0.098967*A23 -> 1.484505 | C23: =$B$6+(($B$7-$B$6)/(1+($B$3*A23)^$B$4)^$B$5) -> 0.41140975 | D23: =(C23-$B$6)/($B$7-$B$6) -> 0.8650271 | E23: =$B$8*D23^$B$9*(1-(1-D23^(1/$B$5))^$B$5)^2 -> 1.0761266e-05 | F23: =$B$8*((1-(($B$3*A23)^($B$4-1))*(1+($B$3*A23)^$B$4)^(-1+1/$B$4))^2)/(1+($B$3*A23)^$B$4)^(0.5-(1/(2*$B$4))) -> 1.0761266e-05 | G23: =D23*B23 -> 1.284137 | I23: 15 | J23: =0.098967*I23 -> 1.484505 | K23: =$J$6+(($J$7-$J$6)/(1+($J$3*I23)^$J$4)^$J$5) -> 0.3327146 | L23: =(K23-$J$6)/($J$7-$J$6) -> 0.86833805 | M23: =$J$8*L23^$J$9*(1-(1-L23^(1/$J$5))^$J$5)^2 -> 4.7587578e-06 | N23: =$J$8*((1-(($J$3*I23)^($J$4-1))*(1+($J$3*I23)^$J$4)^(-1+1/$J$4))^2)/(1+($J$3*I23)^$J$4)^(0.5-(1/(2*$J$4))) -> 4.7587578e-06 | O23: =L23*J23 -> 1.2890522
A24: 17 | B24: =0.098967*A24 -> 1.682439 | C24: =$B$6+(($B$7-$B$6)/(1+($B$3*A24)^$B$4)^$B$5) -> 0.40358802 | D24: =(C24-$B$6)/($B$7-$B$6) -> 0.84330007 | E24: =$B$8*D24^$B$9*(1-(1-D24^(1/$B$5))^$B$5)^2 -> 8.6985872e-06 | F24: =$B$8*((1-(($B$3*A24)^($B$4-1))*(1+($B$3*A24)^$B$4)^(-1+1/$B$4))^2)/(1+($B$3*A24)^$B$4)^(0.5-(1/(2*$B$4))) -> 8.6985872e-06 | G24: =D24*B24 -> 1.4188009 | I24: 17 | J24: =0.098967*I24 -> 1.682439 | K24: =$J$6+(($J$7-$J$6)/(1+($J$3*I24)^$J$4)^$J$5) -> 0.32717334 | L24: =(K24-$J$6)/($J$7-$J$6) -> 0.8476617 | M24: =$J$8*L24^$J$9*(1-(1-L24^(1/$J$5))^$J$5)^2 -> 3.8561572e-06 | N24: =$J$8*((1-(($J$3*I24)^($J$4-1))*(1+($J$3*I24)^$J$4)^(-1+1/$J$4))^2)/(1+($J$3*I24)^$J$4)^(0.5-(1/(2*$J$4))) -> 3.8561572e-06 | O24: =L24*J24 -> 1.4261391
A25: 19 | B25: =0.098967*A25 -> 1.880373 | C25: =$B$6+(($B$7-$B$6)/(1+($B$3*A25)^$B$4)^$B$5) -> 0.39596125 | D25: =(C25-$B$6)/($B$7-$B$6) -> 0.82211458 | E25: =$B$8*D25^$B$9*(1-(1-D25^(1/$B$5))^$B$5)^2 -> 7.0939652e-06 | F25: =$B$8*((1-(($B$3*A25)^($B$4-1))*(1+($B$3*A25)^$B$4)^(-1+1/$B$4))^2)/(1+($B$3*A25)^$B$4)^(0.5-(1/(2*$B$4))) -> 7.0939652e-06 | G25: =D25*B25 -> 1.5458821 | I25: 19 | J25: =0.098967*I25 -> 1.880373 | K25: =$J$6+(($J$7-$J$6)/(1+($J$3*I25)^$J$4)^$J$5) -> 0.32178003 | L25: =(K25-$J$6)/($J$7-$J$6) -> 0.82753741 | M25: =$J$8*L25^$J$9*(1-(1-L25^(1/$J$5))^$J$5)^2 -> 3.1541829e-06 | N25: =$J$8*((1-(($J$3*I25)^($J$4-1))*(1+($J$3*I25)^$J$4)^(-1+1/$J$4))^2)/(1+($J$3*I25)^$J$4)^(0.5-(1/(2*$J$4))) -> 3.1541829e-06 | O25: =L25*J25 -> 1.556079
... A147: 300000 | B147: =0.098967*A147 -> 29690.1 | C147: =$B$6+(($B$7-$B$6)/(1+($B$3*A147)^$B$4)^$B$5) -> 0.10142392 | D147: =(C147-$B$6)/($B$7-$B$6) -> 0.0039553308 | E147: =$B$8*D147^$B$9*(1-(1-D147^(1/$B$5))^$B$5)^2 -> 8.4606692e-20 | F147: =$B$8*((1-(($B$3*A147)^($B$4-1))*(1+($B$3*A147)^$B$4)^(-1+1/$B$4))^2)/(1+($B$3*A147)^$B$4)^(0.5-(1/(2*$B$4))) -> 8.4606691e-20 | G147: =D147*B147 -> 117.43417 | I147: 1000000 | J147: =0.098967*I147 -> 98967 | K147: =$J$6+(($J$7-$J$6)/(1+($J$3*I147)^$J$4)^$J$5) -> 0.10076798 | L147: =(K147-$J$6)/($J$7-$J$6) -> 0.0028655823 | M147: =$J$8*L147^$J$9*(1-(1-L147^(1/$J$5))^$J$5)^2 -> 1.5029035e-21 | N147: =$J$8*((1-(($J$3*I147)^($J$4-1))*(1+($J$3*I147)^$J$4)^(-1+1/$J$4))^2)/(1+($J$3*I147)^$J$4)^(0.5-(1/(2*$J$4))) -> 1.5029035e-21 | O147: =L147*J147 -> 283.59808
A148: 400000 | B148: =0.098967*A148 -> 39586.8 | C148: =$B$6+(($B$7-$B$6)/(1+($B$3*A148)^$B$4)^$B$5) -> 0.10120302 | D148: =(C148-$B$6)/($B$7-$B$6) -> 0.0033417098 | E148: =$B$8*D148^$B$9*(1-(1-D148^(1/$B$5))^$B$5)^2 -> 3.1224254e-20 | F148: =$B$8*((1-(($B$3*A148)^($B$4-1))*(1+($B$3*A148)^$B$4)^(-1+1/$B$4))^2)/(1+($B$3*A148)^$B$4)^(0.5-(1/(2*$B$4))) -> 3.1224253e-20 | G148: =D148*B148 -> 132.2876
A149: 500000 | B149: =0.098967*A149 -> 49483.5 | C149: =$B$6+(($B$7-$B$6)/(1+($B$3*A149)^$B$4)^$B$5) -> 0.10105556 | D149: =(C149-$B$6)/($B$7-$B$6) -> 0.0029321047 | E149: =$B$8*D149^$B$9*(1-(1-D149^(1/$B$5))^$B$5)^2 -> 1.4411159e-20 | F149: =$B$8*((1-(($B$3*A149)^($B$4-1))*(1+($B$3*A149)^$B$4)^(-1+1/$B$4))^2)/(1+($B$3*A149)^$B$4)^(0.5-(1/(2*$B$4))) -> 1.4411159e-20 | G149: =D149*B149 -> 145.0908
A150: 600000 | B150: =0.098967*A150 -> 59380.2 | C150: =$B$6+(($B$7-$B$6)/(1+($B$3*A150)^$B$4)^$B$5) -> 0.1009486 | D150: =(C150-$B$6)/($B$7-$B$6) -> 0.0026349918 | E150: =$B$8*D150^$B$9*(1-(1-D150^(1/$B$5))^$B$5)^2 -> 7.6618901e-21 | F150: =$B$8*((1-(($B$3*A150)^($B$4-1))*(1+($B$3*A150)^$B$4)^(-1+1/$B$4))^2)/(1+($B$3*A150)^$B$4)^(0.5-(1/(2*$B$4))) -> 7.6618897e-21 | G150: =D150*B150 -> 156.46634
A151: 700000 | B151: =0.098967*A151 -> 69276.9 | C151: =$B$6+(($B$7-$B$6)/(1+($B$3*A151)^$B$4)^$B$5) -> 0.10086666 | D151: =(C151-$B$6)/($B$7-$B$6) -> 0.0024074011 | E151: =$B$8*D151^$B$9*(1-(1-D151^(1/$B$5))^$B$5)^2 -> 4.4912301e-21 | F151: =$B$8*((1-(($B$3*A151)^($B$4-1))*(1+($B$3*A151)^$B$4)^(-1+1/$B$4))^2)/(1+($B$3*A151)^$B$4)^(0.5-(1/(2*$B$4))) -> 4.4912303e-21 | G151: =D151*B151 -> 166.77728
A152: 800000 | B152: =0.098967*A152 -> 79173.6 | C152: =$B$6+(($B$7-$B$6)/(1+($B$3*A152)^$B$4)^$B$5) -> 0.10080143 | D152: =(C152-$B$6)/($B$7-$B$6) -> 0.0022262051 | E152: =$B$8*D152^$B$9*(1-(1-D152^(1/$B$5))^$B$5)^2 -> 2.8276342e-21 | F152: =$B$8*((1-(($B$3*A152)^($B$4-1))*(1+($B$3*A152)^$B$4)^(-1+1/$B$4))^2)/(1+($B$3*A152)^$B$4)^(0.5-(1/(2*$B$4))) -> 2.8276337e-21 | G152: =D152*B152 -> 176.25667
A153: 900000 | B153: =0.098967*A153 -> 89070.3 | C153: =$B$6+(($B$7-$B$6)/(1+($B$3*A153)^$B$4)^$B$5) -> 0.10074798 | D153: =(C153-$B$6)/($B$7-$B$6) -> 0.0020777333 | E153: =$B$8*D153^$B$9*(1-(1-D153^(1/$B$5))^$B$5)^2 -> 1.8800948e-21 | F153: =$B$8*((1-(($B$3*A153)^($B$4-1))*(1+($B$3*A153)^$B$4)^(-1+1/$B$4))^2)/(1+($B$3*A153)^$B$4)^(0.5-(1/(2*$B$4))) -> 1.8800946e-21 | G153: =D153*B153 -> 185.06433
A154: 1000000 | B154: =0.098967*A154 -> 98967 | C154: =$B$6+(($B$7-$B$6)/(1+($B$3*A154)^$B$4)^$B$5) -> 0.1007032 | D154: =(C154-$B$6)/($B$7-$B$6) -> 0.0019533313 | E154: =$B$8*D154^$B$9*(1-(1-D154^(1/$B$5))^$B$5)^2 -> 1.3050587e-21 | F154: =$B$8*((1-(($B$3*A154)^($B$4-1))*(1+($B$3*A154)^$B$4)^(-1+1/$B$4))^2)/(1+($B$3*A154)^$B$4)^(0.5-(1/(2*$B$4))) -> 1.3050586e-21 | G154: =D154*B154 -> 193.31534

Sheet SWR_UTU035
A1: Van Genuchten parameters | I1: Van Genuchten parameters
A2: DRYING | I2: WETTING
A3: a (1/cm) = | B3: 0.08 | C3: =B3*10.19 -> 0.8152 | D3: =1/C3 -> 1.2266928 | I3: a = | J3: 0.08 | K3: =J3*10.19 -> 0.8152 | L3: =1/K3 -> 1.2266928
A4: n = | B4: 1.47 | I4: n = | J4: 1.4
A5: m= | B5: =1-1/B4 -> 0.31972789 | I5: m= | J5: =1-1/J4 -> 0.28571429
A6: qr = | B6: 0.089 | I6: qr = | J6: 0.089
A7: qs = | B7: 0.41 | I7: qs = | J7: 0.33
A8: ksat (cm/sec)= | B8: 0.00409 | I8: ksat (cm/sec)= | J8: 6.89e-05
A9: l= | B9: 0.5 | I9: l= | J9: 0.5
A11: HCCC obtained with Van Genuchten-Mualem model | I11: HCCC obtained with Van Genuchten-Mualem model
A13: Suction (cm) | B13: Suction (kPa) | C13: q | D13: Se | E13: k (cm/s) | G13: Suction stress (kPa) | I13: Suction (cm) | J13: Suction (kPa) | K13: q | L13: Se | M13: k (cm/s) | O13: Suction stress (kPa) | R13: Node | S13: Depth | T13: Head M | U13: oisture | V13: K | W13: C | X13: Flux | Y13: Sink | Z13: Kappa | AA13: v/KsTop | AB13: Temp
A14: 1 | B14: =0.098967*A14 -> 0.098967 | C14: =$B$6+(($B$7-$B$6)/(1+($B$3*A14)^$B$4)^$B$5) -> 0.40753449 | D14: =(C14-$B$6)/($B$7-$B$6) -> 0.99231927 | E14: =$B$8*D14^$B$9*(1-(1-D14^(1/$B$5))^$B$5)^2 -> 0.0019806561 | F14: =$B$8*((1-(($B$3*A14)^($B$4-1))*(1+($B$3*A14)^$B$4)^(-1+1/$B$4))^2)/(1+($B$3*A14)^$B$4)^(0.5-(1/(2*$B$4))) -> 0.0019806561 | G14: =D14*B14 -> 0.098206861 | I14: 1 | J14: =0.098967*I14 -> 0.098967 | K14: =$J$6+(($J$7-$J$6)/(1+($J$3*I14)^$J$4)^$J$5) -> 0.328031 | L14: =(K14-$J$6)/($J$7-$J$6) -> 0.99182989 | M14: =$J$8*L14^$J$9*(1-(1-L14^(1/$J$5))^$J$5)^2 -> 2.8006055e-05 | N14: =$J$8*((1-(($J$3*I14)^($J$4-1))*(1+($J$3*I14)^$J$4)^(-1+1/$J$4))^2)/(1+($J$3*I14)^$J$4)^(0.5-(1/(2*$J$4))) -> 2.8006055e-05 | O14: =L14*J14 -> 0.098158429 | S14: [L] | T14: [L] | U14: [-] | V14: [L/T] | W14: [1/L] | X14: [L/T] | Y14: [1/T] | Z14: [-] | AA14: [-] | AB14: [C]
A15: 2 | B15: =0.098967*A15 -> 0.197934 | C15: =$B$6+(($B$7-$B$6)/(1+($B$3*A15)^$B$4)^$B$5) -> 0.40335459 | D15: =(C15-$B$6)/($B$7-$B$6) -> 0.97929778 | E15: =$B$8*D15^$B$9*(1-(1-D15^(1/$B$5))^$B$5)^2 -> 0.0013905501 | F15: =$B$8*((1-(($B$3*A15)^($B$4-1))*(1+($B$3*A15)^$B$4)^(-1+1/$B$4))^2)/(1+($B$3*A15)^$B$4)^(0.5-(1/(2*$B$4))) -> 0.0013905501 | G15: =D15*B15 -> 0.19383633 | I15: 2 | J15: =0.098967*I15 -> 0.197934 | K15: =$J$6+(($J$7-$J$6)/(1+($J$3*I15)^$J$4)^$J$5) -> 0.32495398 | L15: =(K15-$J$6)/($J$7-$J$6) -> 0.97906216 | M15: =$J$8*L15^$J$9*(1-(1-L15^(1/$J$5))^$J$5)^2 -> 1.9122136e-05 | N15: =$J$8*((1-(($J$3*I15)^($J$4-1))*(1+($J$3*I15)^$J$4)^(-1+1/$J$4))^2)/(1+($J$3*I15)^$J$4)^(0.5-(1/(2*$J$4))) -> 1.9122136e-05 | O15: =L15*J15 -> 0.19378969
A16: 4 | B16: =0.098967*A16 -> 0.395868 | C16: =$B$6+(($B$7-$B$6)/(1+($B$3*A16)^$B$4)^$B$5) -> 0.39285356 | D16: =(C16-$B$6)/($B$7-$B$6) -> 0.94658428 | E16: =$B$8*D16^$B$9*(1-(1-D16^(1/$B$5))^$B$5)^2 -> 0.00079122263 | F16: =$B$8*((1-(($B$3*A16)^($B$4-1))*(1+($B$3*A16)^$B$4)^(-1+1/$B$4))^2)/(1+($B$3*A16)^$B$4)^(0.5-(1/(2*$B$4))) -> 0.00079122263 | G16: =D16*B16 -> 0.37472243 | I16: 4 | J16: =0.098967*I16 -> 0.395868 | K16: =$J$6+(($J$7-$J$6)/(1+($J$3*I16)^$J$4)^$J$5) -> 0.31761135 | L16: =(K16-$J$6)/($J$7-$J$6) -> 0.94859483 | M16: =$J$8*L16^$J$9*(1-(1-L16^(1/$J$5))^$J$5)^2 -> 1.066357e-05 | N16: =$J$8*((1-(($J$3*I16)^($J$4-1))*(1+($J$3*I16)^$J$4)^(-1+1/$J$4))^2)/(1+($J$3*I16)^$J$4)^(0.5-(1/(2*$J$4))) -> 1.066357e-05 | O16: =L16*J16 -> 0.37551834 | R16: 1 | S16: 0 | T16: -369.804 | U16: 0.1565 | V16: 9.286e-10 | W16: 8.574e-05 | X16: 1.511e-12 | Y16: 0 | Z16: -1 | AA16: 3.69e-09 | AB16: 20
A17: 5 | B17: =0.098967*A17 -> 0.494835 | C17: =$B$6+(($B$7-$B$6)/(1+($B$3*A17)^$B$4)^$B$5) -> 0.38713307 | D17: =(C17-$B$6)/($B$7-$B$6) -> 0.92876346 | E17: =$B$8*D17^$B$9*(1-(1-D17^(1/$B$5))^$B$5)^2 -> 0.00061882113 | F17: =$B$8*((1-(($B$3*A17)^($B$4-1))*(1+($B$3*A17)^$B$4)^(-1+1/$B$4))^2)/(1+($B$3*A17)^$B$4)^(0.5-(1/(2*$B$4))) -> 0.00061882113 | G17: =D17*B17 -> 0.45958466 | I17: 5 | J17: =0.098967*I17 -> 0.494835 | K17: =$J$6+(($J$7-$J$6)/(1+($J$3*I17)^$J$4)^$J$5) -> 0.31372517 | L17: =(K17-$J$6)/($J$7-$J$6) -> 0.9324696 | M17: =$J$8*L17^$J$9*(1-(1-L17^(1/$J$5))^$J$5)^2 -> 8.3217958e-06 | N17: =$J$8*((1-(($J$3*I17)^($J$4-1))*(1+($J$3*I17)^$J$4)^(-1+1/$J$4))^2)/(1+($J$3*I17)^$J$4)^(0.5-(1/(2*$J$4))) -> 8.3217958e-06 | O17: =L17*J17 -> 0.4614186 | R17: 2 | S17: -0.1342 | T17: -369.927 | U17: 0.1565 | V17: 9.273e-10 | W17: 8.57e-05 | X17: -3.536e-09 | Y17: 0 | Z17: -1 | AA17: -8.65e-06 | AB17: 20
A18: 6 | B18: =0.098967*A18 -> 0.593802 | C18: =$B$6+(($B$7-$B$6)/(1+($B$3*A18)^$B$4)^$B$5) -> 0.38132805 | D18: =(C18-$B$6)/($B$7-$B$6) -> 0.91067928 | E18: =$B$8*D18^$B$9*(1-(1-D18^(1/$B$5))^$B$5)^2 -> 0.00049192882 | F18: =$B$8*((1-(($B$3*A18)^($B$4-1))*(1+($B$3*A18)^$B$4)^(-1+1/$B$4))^2)/(1+($B$3*A18)^$B$4)^(0.5-(1/(2*$B$4))) -> 0.00049192882 | G18: =D18*B18 -> 0.54076318 | I18: 6 | J18: =0.098967*I18 -> 0.593802 | K18: =$J$6+(($J$7-$J$6)/(1+($J$3*I18)^$J$4)^$J$5) -> 0.30982926 | L18: =(K18-$J$6)/($J$7-$J$6) -> 0.91630399 | M18: =$J$8*L18^$J$9*(1-(1-L18^(1/$J$5))^$J$5)^2 -> 6.6200334e-06 | N18: =$J$8*((1-(($J$3*I18)^($J$4-1))*(1+($J$3*I18)^$J$4)^(-1+1/$J$4))^2)/(1+($J$3*I18)^$J$4)^(0.5-(1/(2*$J$4))) -> 6.6200334e-06 | O18: =L18*J18 -> 0.54410314 | R18: 3 | S18: -0.2658 | T18: -370.554 | U18: 0.1564 | V18: 9.208e-10 | W18: 8.544e-05 | X18: -7.057e-09 | Y18: 0 | Z18: -1 | AA18: -1.73e-05 | AB18: 20
A19: 8 | B19: =0.098967*A19 -> 0.791736 | C19: =$B$6+(($B$7-$B$6)/(1+($B$3*A19)^$B$4)^$B$5) -> 0.3698439 | D19: =(C19-$B$6)/($B$7-$B$6) -> 0.87490311 | E19: =$B$8*D19^$B$9*(1-(1-D19^(1/$B$5))^$B$5)^2 -> 0.00032316517 | F19: =$B$8*((1-(($B$3*A19)^($B$4-1))*(1+($B$3*A19)^$B$4)^(-1+1/$B$4))^2)/(1+($B$3*A19)^$B$4)^(0.5-(1/(2*$B$4))) -> 0.00032316517 | G19: =D19*B19 -> 0.69269229 | I19: 8 | J19: =0.098967*I19 -> 0.791736 | K19: =$J$6+(($J$7-$J$6)/(1+($J$3*I19)^$J$4)^$J$5) -> 0.30221292 | L19: =(K19-$J$6)/($J$7-$J$6) -> 0.88470092 | M19: =$J$8*L19^$J$9*(1-(1-L19^(1/$J$5))^$J$5)^2 -> 4.3787984e-06 | N19: =$J$8*((1-(($J$3*I19)^($J$4-1))*(1+($J$3*I19)^$J$4)^(-1+1/$J$4))^2)/(1+($J$3*I19)^$J$4)^(0.5-(1/(2*$J$4))) -> 4.3787984e-06 | O19: =L19*J19 -> 0.70044956 | R19: 4 | S19: -0.3948 | T19: -371.669 | U19: 0.1563 | V19: 9.092e-10 | W19: 8.5e-05 | X19: -1.054e-08 | Y19: 0 | Z19: -1 | AA19: -2.58e-05 | AB19: 20
A20: 10 | B20: =0.098967*A20 -> 0.98967 | C20: =$B$6+(($B$7-$B$6)/(1+($B$3*A20)^$B$4)^$B$5) -> 0.35888077 | D20: =(C20-$B$6)/($B$7-$B$6) -> 0.84075006 | E20: =$B$8*D20^$B$9*(1-(1-D20^(1/$B$5))^$B$5)^2 -> 0.00022137267 | F20: =$B$8*((1-(($B$3*A20)^($B$4-1))*(1+($B$3*A20)^$B$4)^(-1+1/$B$4))^2)/(1+($B$3*A20)^$B$4)^(0.5-(1/(2*$B$4))) -> 0.00022137267 | G20: =D20*B20 -> 0.83206511 | I20: 10 | J20: =0.098967*I20 -> 0.98967 | K20: =$J$6+(($J$7-$J$6)/(1+($J$3*I20)^$J$4)^$J$5) -> 0.29500741 | L20: =(K20-$J$6)/($J$7-$J$6) -> 0.85480255 | M20: =$J$8*L20^$J$9*(1-(1-L20^(1/$J$5))^$J$5)^2 -> 3.0326175e-06 | N20: =$J$8*((1-(($J$3*I20)^($J$4-1))*(1+($J$3*I20)^$J$4)^(-1+1/$J$4))^2)/(1+($J$3*I20)^$J$4)^(0.5-(1/(2*$J$4))) -> 3.0326175e-06 | O20: =L20*J20 -> 0.84597244 | R20: 5 | S20: -0.5212 | T20: -373.269 | U20: 0.1562 | V20: 8.925e-10 | W20: 8.435e-05 | X20: -1.401e-08 | Y20: 0 | Z20: -1 | AA20: -3.43e-05 | AB20: 20
A21: 11 | B21: =0.098967*A21 -> 1.088637 | C21: =$B$6+(($B$7-$B$6)/(1+($B$3*A21)^$B$4)^$B$5) -> 0.35366219 | D21: =(C21-$B$6)/($B$7-$B$6) -> 0.82449281 | E21: =$B$8*D21^$B$9*(1-(1-D21^(1/$B$5))^$B$5)^2 -> 0.0001856536 | F21: =$B$8*((1-(($B$3*A21)^($B$4-1))*(1+($B$3*A21)^$B$4)^(-1+1/$B$4))^2)/(1+($B$3*A21)^$B$4)^(0.5-(1/(2*$B$4))) -> 0.0001856536 | G21: =D21*B21 -> 0.89757338 | I21: 11 | J21: =0.098967*I21 -> 1.088637 | K21: =$J$6+(($J$7-$J$6)/(1+($J$3*I21)^$J$4)^$J$5) -> 0.29158898 | L21: =(K21-$J$6)/($J$7-$J$6) -> 0.84061816 | M21: =$J$8*L21^$J$9*(1-(1-L21^(1/$J$5))^$J$5)^2 -> 2.5594194e-06 | N21: =$J$8*((1-(($J$3*I21)^($J$4-1))*(1+($J$3*I21)^$J$4)^(-1+1/$J$4))^2)/(1+($J$3*I21)^$J$4)^(0.5-(1/(2*$J$4))) -> 2.5594194e-06 | O21: =L21*J21 -> 0.91512803 | R21: 6 | S21: -0.645 | T21: -375.358 | U21: 0.156 | V21: 8.707e-10 | W21: 8.352e-05 | X21: -1.748e-08 | Y21: 0 | Z21: -1 | AA21: -4.27e-05 | AB21: 20
A22: 13 | B22: =0.098967*A22 -> 1.286571 | C22: =$B$6+(($B$7-$B$6)/(1+($B$3*A22)^$B$4)^$B$5) -> 0.34379848 | D22: =(C22-$B$6)/($B$7-$B$6) -> 0.79376472 | E22: =$B$8*D22^$B$9*(1-(1-D22^(1/$B$5))^$B$5)^2 -> 0.00013358556 | F22: =$B$8*((1-(($B$3*A22)^($B$4-1))*(1+($B$3*A22)^$B$4)^(-1+1/$B$4))^2)/(1+($B$3*A22)^$B$4)^(0.5-(1/(2*$B$4))) -> 0.00013358556 | G22: =D22*B22 -> 1.0212347 | I22: 13 | J22: =0.098967*I22 -> 1.286571 | K22: =$J$6+(($J$7-$J$6)/(1+($J$3*I22)^$J$4)^$J$5) -> 0.28513498 | L22: =(K22-$J$6)/($J$7-$J$6) -> 0.81383807 | M22: =$J$8*L22^$J$9*(1-(1-L22^(1/$J$5))^$J$5)^2 -> 1.866607e-06 | N22: =$J$8*((1-(($J$3*I22)^($J$4-1))*(1+($J$3*I22)^$J$4)^(-1+1/$J$4))^2)/(1+($J$3*I22)^$J$4)^(0.5-(1/(2*$J$4))) -> 1.866607e-06 | O22: =L22*J22 -> 1.0470605 | R22: 7 | S22: -0.7663 | T22: -377.958 | U22: 0.1557 | V22: 8.436e-10 | W22: 8.247e-05 | X22: -2.096e-08 | Y22: 0 | Z22: -1 | AA22: -5.12e-05 | AB22: 20
A23: 15 | B23: =0.098967*A23 -> 1.484505 | C23: =$B$6+(($B$7-$B$6)/(1+($B$3*A23)^$B$4)^$B$5) -> 0.33470087 | D23: =(C23-$B$6)/($B$7-$B$6) -> 0.76542328 | E23: =$B$8*D23^$B$9*(1-(1-D23^(1/$B$5))^$B$5)^2 -> 9.8715306e-05 | F23: =$B$8*((1-(($B$3*A23)^($B$4-1))*(1+($B$3*A23)^$B$4)^(-1+1/$B$4))^2)/(1+($B$3*A23)^$B$4)^(0.5-(1/(2*$B$4))) -> 9.8715306e-05 | G23: =D23*B23 -> 1.1362747 | I23: 15 | J23: =0.098967*I23 -> 1.484505 | K23: =$J$6+(($J$7-$J$6)/(1+($J$3*I23)^$J$4)^$J$5) -> 0.27917981 | L23: =(K23-$J$6)/($J$7-$J$6) -> 0.78912783 | M23: =$J$8*L23^$J$9*(1-(1-L23^(1/$J$5))^$J$5)^2 -> 1.3987297e-06 | N23: =$J$8*((1-(($J$3*I23)^($J$4-1))*(1+($J$3*I23)^$J$4)^(-1+1/$J$4))^2)/(1+($J$3*I23)^$J$4)^(0.5-(1/(2*$J$4))) -> 1.3987297e-06 | O23: =L23*J23 -> 1.1714642 | R23: 8 | S23: -0.8849 | T23: -381.099 | U23: 0.1555 | V23: 8.109e-10 | W23: 8.121e-05 | X23: -2.448e-08 | Y23: 0 | Z23: -1 | AA23: -5.98e-05 | AB23: 20
A24: 17 | B24: =0.098967*A24 -> 1.682439 | C24: =$B$6+(($B$7-$B$6)/(1+($B$3*A24)^$B$4)^$B$5) -> 0.32633366 | D24: =(C24-$B$6)/($B$7-$B$6) -> 0.7393572 | E24: =$B$8*D24^$B$9*(1-(1-D24^(1/$B$5))^$B$5)^2 -> 7.4642343e-05 | F24: =$B$8*((1-(($B$3*A24)^($B$4-1))*(1+($B$3*A24)^$B$4)^(-1+1/$B$4))^2)/(1+($B$3*A24)^$B$4)^(0.5-(1/(2*$B$4))) -> 7.4642343e-05 | G24: =D24*B24 -> 1.2439234 | I24: 17 | J24: =0.098967*I24 -> 1.682439 | K24: =$J$6+(($J$7-$J$6)/(1+($J$3*I24)^$J$4)^$J$5) -> 0.27369211 | L24: =(K24-$J$6)/($J$7-$J$6) -> 0.76635728 | M24: =$J$8*L24^$J$9*(1-(1-L24^(1/$J$5))^$J$5)^2 -> 1.0724584e-06 | N24: =$J$8*((1-(($J$3*I24)^($J$4-1))*(1+($J$3*I24)^$J$4)^(-1+1/$J$4))^2)/(1+($J$3*I24)^$J$4)^(0.5-(1/(2*$J$4))) -> 1.0724584e-06 | O24: =L24*J24 -> 1.2893494 | R24: 9 | S24: -1.001 | T24: -384.835 | U24: 0.1551 | V24: 7.72e-10 | W24: 7.971e-05 | X24: -2.805e-08 | Y24: 0 | Z24: -1 | AA24: -6.86e-05 | AB24: 20
A25: 19 | B25: =0.098967*A25 -> 1.880373 | C25: =$B$6+(($B$7-$B$6)/(1+($B$3*A25)^$B$4)^$B$5) -> 0.31864116 | D25: =(C25-$B$6)/($B$7-$B$6) -> 0.71539302 | E25: =$B$8*D25^$B$9*(1-(1-D25^(1/$B$5))^$B$5)^2 -> 5.7579674e-05 | F25: =$B$8*((1-(($B$3*A25)^($B$4-1))*(1+($B$3*A25)^$B$4)^(-1+1/$B$4))^2)/(1+($B$3*A25)^$B$4)^(0.5-(1/(2*$B$4))) -> 5.7579674e-05 | G25: =D25*B25 -> 1.3452057 | I25: 19 | J25: =0.098967*I25 -> 1.880373 | K25: =$J$6+(($J$7-$J$6)/(1+($J$3*I25)^$J$4)^$J$5) -> 0.26863236 | L25: =(K25-$J$6)/($J$7-$J$6) -> 0.74536249 | M25: =$J$8*L25^$J$9*(1-(1-L25^(1/$J$5))^$J$5)^2 -> 8.3865543e-07 | N25: =$J$8*((1-(($J$3*I25)^($J$4-1))*(1+($J$3*I25)^$J$4)^(-1+1/$J$4))^2)/(1+($J$3*I25)^$J$4)^(0.5-(1/(2*$J$4))) -> 8.3865543e-07 | O25: =L25*J25 -> 1.4015595 | R25: 10 | S25: -1.1145 | T25: -389.171 | U25: 0.1548 | V25: 7.514e-10 | W25: 7.864e-05 | X25: -3.114e-08 | Y25: 0 | Z25: -1 | AA25: -7.61e-05 | AB25: 20
A26: 21 | B26: =0.098967*A26 -> 2.078307 | C26: =$B$6+(($B$7-$B$6)/(1+($B$3*A26)^$B$4)^$B$5) -> 0.31156167 | D26: =(C26-$B$6)/($B$7-$B$6) -> 0.69333855 | E26: =$B$8*D26^$B$9*(1-(1-D26^(1/$B$5))^$B$5)^2 -> 4.5203138e-05 | F26: =$B$8*((1-(($B$3*A26)^($B$4-1))*(1+($B$3*A26)^$B$4)^(-1+1/$B$4))^2)/(1+($B$3*A26)^$B$4)^(0.5-(1/(2*$B$4))) -> 4.5203138e-05 | G26: =D26*B26 -> 1.4409704 | I26: 21 | J26: =0.098967*I26 -> 2.078307 | K26: =$J$6+(($J$7-$J$6)/(1+($J$3*I26)^$J$4)^$J$5) -> 0.26395975 | L26: =(K26-$J$6)/($J$7-$J$6) -> 0.72597406 | M26: =$J$8*L26^$J$9*(1-(1-L26^(1/$J$5))^$J$5)^2 -> 6.6713407e-07 | N26: =$J$8*((1-(($J$3*I26)^($J$4-1))*(1+($J$3*I26)^$J$4)^(-1+1/$J$4))^2)/(1+($J$3*I26)^$J$4)^(0.5-(1/(2*$J$4))) -> 6.6713407e-07 | O26: =L26*J26 -> 1.508797 | R26: 11 | S26: -1.2254 | T26: -393.907 | U26: 0.1545 | V26: 7.327e-10 | W26: 7.756e-05 | X26: -3.369e-08 | Y26: 0 | Z26: -1 | AA26: -8.23e-05 | AB26: 20
A27: 23 | B27: =0.098967*A27 -> 2.276241 | C27: =$B$6+(($B$7-$B$6)/(1+($B$3*A27)^$B$4)^$B$5) -> 0.3050344 | D27: =(C27-$B$6)/($B$7-$B$6) -> 0.67300435 | E27: =$B$8*D27^$B$9*(1-(1-D27^(1/$B$5))^$B$5)^2 -> 3.6040506e-05 | F27: =$B$8*((1-(($B$3*A27)^($B$4-1))*(1+($B$3*A27)^$B$4)^(-1+1/$B$4))^2)/(1+($B$3*A27)^$B$4)^(0.5-(1/(2*$B$4))) -> 3.6040506e-05 | G27: =D27*B27 -> 1.5319201 | I27: 23 | J27: =0.098967*I27 -> 2.276241 | K27: =$J$6+(($J$7-$J$6)/(1+($J$3*I27)^$J$4)^$J$5) -> 0.25963533 | L27: =(K27-$J$6)/($J$7-$J$6) -> 0.70803041 | M27: =$J$8*L27^$J$9*(1-(1-L27^(1/$J$5))^$J$5)^2 -> 5.3869932e-07 | N27: =$J$8*((1-(($J$3*I27)^($J$4-1))*(1+($J$3*I27)^$J$4)^(-1+1/$J$4))^2)/(1+($J$3*I27)^$J$4)^(0.5-(1/(2*$J$4))) -> 5.3869932e-07 | O27: =L27*J27 -> 1.6116478 | R27: 12 | S27: -1.3336 | T27: -399.039 | U27: 0.1541 | V27: 7.124e-10 | W27: 7.64e-05 | X27: -3.619e-08 | Y27: 0 | Z27: -1 | AA27: -8.85e-05 | AB27: 20
... A66: 1450 | B66: =0.098967*A66 -> 143.50215 | C66: =$B$6+(($B$7-$B$6)/(1+($B$3*A66)^$B$4)^$B$5) -> 0.12336226 | D66: =(C66-$B$6)/($B$7-$B$6) -> 0.10704752 | E66: =$B$8*D66^$B$9*(1-(1-D66^(1/$B$5))^$B$5)^2 -> 1.1642261e-10 | F66: =$B$8*((1-(($B$3*A66)^($B$4-1))*(1+($B$3*A66)^$B$4)^(-1+1/$B$4))^2)/(1+($B$3*A66)^$B$4)^(0.5-(1/(2*$B$4))) -> 1.1642261e-10 | G66: =D66*B66 -> 15.36155 | I66: 1800 | J66: =0.098967*I66 -> 178.1406 | K66: =$J$6+(($J$7-$J$6)/(1+($J$3*I66)^$J$4)^$J$5) -> 0.12200305 | L66: =(K66-$J$6)/($J$7-$J$6) -> 0.13694211 | M66: =$J$8*L66^$J$9*(1-(1-L66^(1/$J$5))^$J$5)^2 -> 1.8810734e-12 | N66: =$J$8*((1-(($J$3*I66)^($J$4-1))*(1+($J$3*I66)^$J$4)^(-1+1/$J$4))^2)/(1+($J$3*I66)^$J$4)^(0.5-(1/(2*$J$4))) -> 1.8810734e-12 | O66: =L66*J66 -> 24.39495 | R66: 51 | S66: -3.8375 | T66: -2757.81 | U66: 0.3394 | V66: 1.342e-07 | W66: 1.469e-06 | X66: -8.24e-08 | Y66: 0 | Z66: -1 | AA66: -0.000201 | AB66: 20
A67: 1500 | B67: =0.098967*A67 -> 148.4505 | C67: =$B$6+(($B$7-$B$6)/(1+($B$3*A67)^$B$4)^$B$5) -> 0.12281956 | D67: =(C67-$B$6)/($B$7-$B$6) -> 0.10535688 | E67: =$B$8*D67^$B$9*(1-(1-D67^(1/$B$5))^$B$5)^2 -> 1.0454898e-10 | F67: =$B$8*((1-(($B$3*A67)^($B$4-1))*(1+($B$3*A67)^$B$4)^(-1+1/$B$4))^2)/(1+($B$3*A67)^$B$4)^(0.5-(1/(2*$B$4))) -> 1.0454898e-10 | G67: =D67*B67 -> 15.640282 | I67: 1850 | J67: =0.098967*I67 -> 183.08895 | K67: =$J$6+(($J$7-$J$6)/(1+($J$3*I67)^$J$4)^$J$5) -> 0.12164366 | L67: =(K67-$J$6)/($J$7-$J$6) -> 0.13545086 | M67: =$J$8*L67^$J$9*(1-(1-L67^(1/$J$5))^$J$5)^2 -> 1.7327275e-12 | N67: =$J$8*((1-(($J$3*I67)^($J$4-1))*(1+($J$3*I67)^$J$4)^(-1+1/$J$4))^2)/(1+($J$3*I67)^$J$4)^(0.5-(1/(2*$J$4))) -> 1.7327275e-12 | O67: =L67*J67 -> 24.799556 | R67: end
A68: 1550 | B68: =0.098967*A68 -> 153.39885 | C68: =$B$6+(($B$7-$B$6)/(1+($B$3*A68)^$B$4)^$B$5) -> 0.12230279 | D68: =(C68-$B$6)/($B$7-$B$6) -> 0.10374702 | E68: =$B$8*D68^$B$9*(1-(1-D68^(1/$B$5))^$B$5)^2 -> 9.4217795e-11 | F68: =$B$8*((1-(($B$3*A68)^($B$4-1))*(1+($B$3*A68)^$B$4)^(-1+1/$B$4))^2)/(1+($B$3*A68)^$B$4)^(0.5-(1/(2*$B$4))) -> 9.4217795e-11 | G68: =D68*B68 -> 15.914674 | I68: 1900 | J68: =0.098967*I68 -> 188.0373 | K68: =$J$6+(($J$7-$J$6)/(1+($J$3*I68)^$J$4)^$J$5) -> 0.1212976 | L68: =(K68-$J$6)/($J$7-$J$6) -> 0.13401493 | M68: =$J$8*L68^$J$9*(1-(1-L68^(1/$J$5))^$J$5)^2 -> 1.5995781e-12 | N68: =$J$8*((1-(($J$3*I68)^($J$4-1))*(1+($J$3*I68)^$J$4)^(-1+1/$J$4))^2)/(1+($J$3*I68)^$J$4)^(0.5-(1/(2*$J$4))) -> 1.5995781e-12 | O68: =L68*J68 -> 25.199806
A69: 1600 | B69: =0.098967*A69 -> 158.3472 | C69: =$B$6+(($B$7-$B$6)/(1+($B$3*A69)^$B$4)^$B$5) -> 0.12180994 | D69: =(C69-$B$6)/($B$7-$B$6) -> 0.10221166 | E69: =$B$8*D69^$B$9*(1-(1-D69^(1/$B$5))^$B$5)^2 -> 8.5188238e-11 | F69: =$B$8*((1-(($B$3*A69)^($B$4-1))*(1+($B$3*A69)^$B$4)^(-1+1/$B$4))^2)/(1+($B$3*A69)^$B$4)^(0.5-(1/(2*$B$4))) -> 8.5188238e-11 | G69: =D69*B69 -> 16.18493 | I69: 1950 | J69: =0.098967*I69 -> 192.98565 | K69: =$J$6+(($J$7-$J$6)/(1+($J$3*I69)^$J$4)^$J$5) -> 0.12096404 | L69: =(K69-$J$6)/($J$7-$J$6) -> 0.13263089 | M69: =$J$8*L69^$J$9*(1-(1-L69^(1/$J$5))^$J$5)^2 -> 1.4797281e-12 | N69: =$J$8*((1-(($J$3*I69)^($J$4-1))*(1+($J$3*I69)^$J$4)^(-1+1/$J$4))^2)/(1+($J$3*I69)^$J$4)^(0.5-(1/(2*$J$4))) -> 1.4797281e-12 | O69: =L69*J69 -> 25.595859
A70: 1650 | B70: =0.098967*A70 -> 163.29555 | C70: =$B$6+(($B$7-$B$6)/(1+($B$3*A70)^$B$4)^$B$5) -> 0.1213392 | D70: =(C70-$B$6)/($B$7-$B$6) -> 0.10074518 | E70: =$B$8*D70^$B$9*(1-(1-D70^(1/$B$5))^$B$5)^2 -> 7.7263031e-11 | F70: =$B$8*((1-(($B$3*A70)^($B$4-1))*(1+($B$3*A70)^$B$4)^(-1+1/$B$4))^2)/(1+($B$3*A70)^$B$4)^(0.5-(1/(2*$B$4))) -> 7.7263031e-11 | G70: =D70*B70 -> 16.45124 | I70: 2000 | J70: =0.098967*I70 -> 197.934 | K70: =$J$6+(($J$7-$J$6)/(1+($J$3*I70)^$J$4)^$J$5) -> 0.12064224 | L70: =(K70-$J$6)/($J$7-$J$6) -> 0.13129561 | M70: =$J$8*L70^$J$9*(1-(1-L70^(1/$J$5))^$J$5)^2 -> 1.3715579e-12 | N70: =$J$8*((1-(($J$3*I70)^($J$4-1))*(1+($J$3*I70)^$J$4)^(-1+1/$J$4))^2)/(1+($J$3*I70)^$J$4)^(0.5-(1/(2*$J$4))) -> 1.3715579e-12 | O70: =L70*J70 -> 25.987865
A71: 1700 | B71: =0.098967*A71 -> 168.2439 | C71: =$B$6+(($B$7-$B$6)/(1+($B$3*A71)^$B$4)^$B$5) -> 0.12088896 | D71: =(C71-$B$6)/($B$7-$B$6) -> 0.099342549 | E71: =$B$8*D71^$B$9*(1-(1-D71^(1/$B$5))^$B$5)^2 -> 7.0279552e-11 | F71: =$B$8*((1-(($B$3*A71)^($B$4-1))*(1+($B$3*A71)^$B$4)^(-1+1/$B$4))^2)/(1+($B$3*A71)^$B$4)^(0.5-(1/(2*$B$4))) -> 7.0279552e-11 | G71: =D71*B71 -> 16.713778 | I71: 2050 | J71: =0.098967*I71 -> 202.88235 | K71: =$J$6+(($J$7-$J$6)/(1+($J$3*I71)^$J$4)^$J$5) -> 0.1203315 | L71: =(K71-$J$6)/($J$7-$J$6) -> 0.13000621 | M71: =$J$8*L71^$J$9*(1-(1-L71^(1/$J$5))^$J$5)^2 -> 1.2736785e-12 | N71: =$J$8*((1-(($J$3*I71)^($J$4-1))*(1+($J$3*I71)^$J$4)^(-1+1/$J$4))^2)/(1+($J$3*I71)^$J$4)^(0.5-(1/(2*$J$4))) -> 1.2736785e-12 | O71: =L71*J71 -> 26.375966
A72: 1750 | B72: =0.098967*A72 -> 173.19225 | C72: =$B$6+(($B$7-$B$6)/(1+($B$3*A72)^$B$4)^$B$5) -> 0.12045775 | D72: =(C72-$B$6)/($B$7-$B$6) -> 0.097999224 | E72: =$B$8*D72^$B$9*(1-(1-D72^(1/$B$5))^$B$5)^2 -> 6.410296e-11 | F72: =$B$8*((1-(($B$3*A72)^($B$4-1))*(1+($B$3*A72)^$B$4)^(-1+1/$B$4))^2)/(1+($B$3*A72)^$B$4)^(0.5-(1/(2*$B$4))) -> 6.410296e-11 | G72: =D72*B72 -> 16.972706 | I72: 2100 | J72: =0.098967*I72 -> 207.8307 | K72: =$J$6+(($J$7-$J$6)/(1+($J$3*I72)^$J$4)^$J$5) -> 0.12003118 | L72: =(K72-$J$6)/($J$7-$J$6) -> 0.12876007 | M72: =$J$8*L72^$J$9*(1-(1-L72^(1/$J$5))^$J$5)^2 -> 1.1848949e-12 | N72: =$J$8*((1-(($J$3*I72)^($J$4-1))*(1+($J$3*I72)^$J$4)^(-1+1/$J$4))^2)/(1+($J$3*I72)^$J$4)^(0.5-(1/(2*$J$4))) -> 1.1848949e-12 | O72: =L72*J72 -> 26.760295
A73: 1800 | B73: =0.098967*A73 -> 178.1406 | C73: =$B$6+(($B$7-$B$6)/(1+($B$3*A73)^$B$4)^$B$5) -> 0.12004427 | D73: =(C73-$B$6)/($B$7-$B$6) -> 0.096711113 | E73: =$B$8*D73^$B$9*(1-(1-D73^(1/$B$5))^$B$5)^2 -> 5.8620824e-11 | F73: =$B$8*((1-(($B$3*A73)^($B$4-1))*(1+($B$3*A73)^$B$4)^(-1+1/$B$4))^2)/(1+($B$3*A73)^$B$4)^(0.5-(1/(2*$B$4))) -> 5.8620824e-11 | G73: =D73*B73 -> 17.228176 | I73: 2150 | J73: =0.098967*I73 -> 212.77905 | K73: =$J$6+(($J$7-$J$6)/(1+($J$3*I73)^$J$4)^$J$5) -> 0.11974069 | L73: =(K73-$J$6)/($J$7-$J$6) -> 0.12755474 | M73: =$J$8*L73^$J$9*(1-(1-L73^(1/$J$5))^$J$5)^2 -> 1.1041746e-12 | N73: =$J$8*((1-(($J$3*I73)^($J$4-1))*(1+($J$3*I73)^$J$4)^(-1+1/$J$4))^2)/(1+($J$3*I73)^$J$4)^(0.5-(1/(2*$J$4))) -> 1.1041746e-12 | O73: =L73*J73 -> 27.140977
A74: 1850 | B74: =0.098967*A74 -> 183.08895 | C74: =$B$6+(($B$7-$B$6)/(1+($B$3*A74)^$B$4)^$B$5) -> 0.11964732 | D74: =(C74-$B$6)/($B$7-$B$6) -> 0.095474508 | E74: =$B$8*D74^$B$9*(1-(1-D74^(1/$B$5))^$B$5)^2 -> 5.3738918e-11 | F74: =$B$8*((1-(($B$3*A74)^($B$4-1))*(1+($B$3*A74)^$B$4)^(-1+1/$B$4))^2)/(1+($B$3*A74)^$B$4)^(0.5-(1/(2*$B$4))) -> 5.3738918e-11 | G74: =D74*B74 -> 17.480327 | I74: 2200 | J74: =0.098967*I74 -> 217.7274 | K74: =$J$6+(($J$7-$J$6)/(1+($J$3*I74)^$J$4)^$J$5) -> 0.11945951 | L74: =(K74-$J$6)/($J$7-$J$6) -> 0.126388 | M74: =$J$8*L74^$J$9*(1-(1-L74^(1/$J$5))^$J$5)^2 -> 1.0306226e-12 | N74: =$J$8*((1-(($J$3*I74)^($J$4-1))*(1+($J$3*I74)^$J$4)^(-1+1/$J$4))^2)/(1+($J$3*I74)^$J$4)^(0.5-(1/(2*$J$4))) -> 1.0306226e-12 | O74: =L74*J74 -> 27.518131
A75: 1900 | B75: =0.098967*A75 -> 188.0373 | C75: =$B$6+(($B$7-$B$6)/(1+($B$3*A75)^$B$4)^$B$5) -> 0.11926582 | D75: =(C75-$B$6)/($B$7-$B$6) -> 0.094286039 | E75: =$B$8*D75^$B$9*(1-(1-D75^(1/$B$5))^$B$5)^2 -> 4.9377876e-11 | F75: =$B$8*((1-(($B$3*A75)^($B$4-1))*(1+($B$3*A75)^$B$4)^(-1+1/$B$4))^2)/(1+($B$3*A75)^$B$4)^(0.5-(1/(2*$B$4))) -> 4.9377876e-11 | G75: =D75*B75 -> 17.729292 | I75: 2250 | J75: =0.098967*I75 -> 222.67575 | K75: =$J$6+(($J$7-$J$6)/(1+($J$3*I75)^$J$4)^$J$5) -> 0.11918712 | L75: =(K75-$J$6)/($J$7-$J$6) -> 0.12525777 | M75: =$J$8*L75^$J$9*(1-(1-L75^(1/$J$5))^$J$5)^2 -> 9.6346054e-13 | N75: =$J$8*((1-(($J$3*I75)^($J$4-1))*(1+($J$3*I75)^$J$4)^(-1+1/$J$4))^2)/(1+($J$3*I75)^$J$4)^(0.5-(1/(2*$J$4))) -> 9.6346054e-13 | O75: =L75*J75 -> 27.891867
A76: 1950 | B76: =0.098967*A76 -> 192.98565 | C76: =$B$6+(($B$7-$B$6)/(1+($B$3*A76)^$B$4)^$B$5) -> 0.11889879 | D76: =(C76-$B$6)/($B$7-$B$6) -> 0.09314264 | E76: =$B$8*D76^$B$9*(1-(1-D76^(1/$B$5))^$B$5)^2 -> 4.5470541e-11 | F76: =$B$8*((1-(($B$3*A76)^($B$4-1))*(1+($B$3*A76)^$B$4)^(-1+1/$B$4))^2)/(1+($B$3*A76)^$B$4)^(0.5-(1/(2*$B$4))) -> 4.5470541e-11 | G76: =D76*B76 -> 17.975193 | I76: 2300 | J76: =0.098967*I76 -> 227.6241 | K76: =$J$6+(($J$7-$J$6)/(1+($J$3*I76)^$J$4)^$J$5) -> 0.11892307 | L76: =(K76-$J$6)/($J$7-$J$6) -> 0.12416213 | M76: =$J$8*L76^$J$9*(1-(1-L76^(1/$J$5))^$J$5)^2 -> 9.0200938e-13 | N76: =$J$8*((1-(($J$3*I76)^($J$4-1))*(1+($J$3*I76)^$J$4)^(-1+1/$J$4))^2)/(1+($J$3*I76)^$J$4)^(0.5-(1/(2*$J$4))) -> 9.0200938e-13 | O76: =L76*J76 -> 28.262293
A77: 2000 | B77: =0.098967*A77 -> 197.934 | C77: =$B$6+(($B$7-$B$6)/(1+($B$3*A77)^$B$4)^$B$5) -> 0.11854532 | D77: =(C77-$B$6)/($B$7-$B$6) -> 0.092041511 | E77: =$B$8*D77^$B$9*(1-(1-D77^(1/$B$5))^$B$5)^2 -> 4.1959837e-11 | F77: =$B$8*((1-(($B$3*A77)^($B$4-1))*(1+($B$3*A77)^$B$4)^(-1+1/$B$4))^2)/(1+($B$3*A77)^$B$4)^(0.5-(1/(2*$B$4))) -> 4.1959837e-11 | G77: =D77*B77 -> 18.218144 | I77: 2350 | J77: =0.098967*I77 -> 232.57245 | K77: =$J$6+(($J$7-$J$6)/(1+($J$3*I77)^$J$4)^$J$5) -> 0.11866693 | L77: =(K77-$J$6)/($J$7-$J$6) -> 0.12309931 | M77: =$J$8*L77^$J$9*(1-(1-L77^(1/$J$5))^$J$5)^2 -> 8.456748e-13 | N77: =$J$8*((1-(($J$3*I77)^($J$4-1))*(1+($J$3*I77)^$J$4)^(-1+1/$J$4))^2)/(1+($J$3*I77)^$J$4)^(0.5-(1/(2*$J$4))) -> 8.456748e-13 | O77: =L77*J77 -> 28.629508
A78: 2050 | B78: =0.098967*A78 -> 202.88235 | C78: =$B$6+(($B$7-$B$6)/(1+($B$3*A78)^$B$4)^$B$5) -> 0.11820461 | D78: =(C78-$B$6)/($B$7-$B$6) -> 0.090980091 | E78: =$B$8*D78^$B$9*(1-(1-D78^(1/$B$5))^$B$5)^2 -> 3.8797049e-11 | F78: =$B$8*((1-(($B$3*A78)^($B$4-1))*(1+($B$3*A78)^$B$4)^(-1+1/$B$4))^2)/(1+($B$3*A78)^$B$4)^(0.5-(1/(2*$B$4))) -> 3.8797049e-11 | G78: =D78*B78 -> 18.458255 | I78: 2400 | J78: =0.098967*I78 -> 237.5208 | K78: =$J$6+(($J$7-$J$6)/(1+($J$3*I78)^$J$4)^$J$5) -> 0.11841831 | L78: =(K78-$J$6)/($J$7-$J$6) -> 0.12206766 | M78: =$J$8*L78^$J$9*(1-(1-L78^(1/$J$5))^$J$5)^2 -> 7.9393517e-13 | N78: =$J$8*((1-(($J$3*I78)^($J$4-1))*(1+($J$3*I78)^$J$4)^(-1+1/$J$4))^2)/(1+($J$3*I78)^$J$4)^(0.5-(1/(2*$J$4))) -> 7.9393517e-13 | O78: =L78*J78 -> 28.993609
A79: 2100 | B79: =0.098967*A79 -> 207.8307 | C79: =$B$6+(($B$7-$B$6)/(1+($B$3*A79)^$B$4)^$B$5) -> 0.11787589 | D79: =(C79-$B$6)/($B$7-$B$6) -> 0.089956033 | E79: =$B$8*D79^$B$9*(1-(1-D79^(1/$B$5))^$B$5)^2 -> 3.5940436e-11 | F79: =$B$8*((1-(($B$3*A79)^($B$4-1))*(1+($B$3*A79)^$B$4)^(-1+1/$B$4))^2)/(1+($B$3*A79)^$B$4)^(0.5-(1/(2*$B$4))) -> 3.5940436e-11 | G79: =D79*B79 -> 18.695625 | I79: 2450 | J79: =0.098967*I79 -> 242.46915 | K79: =$J$6+(($J$7-$J$6)/(1+($J$3*I79)^$J$4)^$J$5) -> 0.11817682 | L79: =(K79-$J$6)/($J$7-$J$6) -> 0.12106565 | M79: =$J$8*L79^$J$9*(1-(1-L79^(1/$J$5))^$J$5)^2 -> 7.4633144e-13 | N79: =$J$8*((1-(($J$3*I79)^($J$4-1))*(1+($J$3*I79)^$J$4)^(-1+1/$J$4))^2)/(1+($J$3*I79)^$J$4)^(0.5-(1/(2*$J$4))) -> 7.4633144e-13 | O79: =L79*J79 -> 29.354685
... A147: 300000 | B147: =0.098967*A147 -> 29690.1 | C147: =$B$6+(($B$7-$B$6)/(1+($B$3*A147)^$B$4)^$B$5) -> 0.091804179 | D147: =(C147-$B$6)/($B$7-$B$6) -> 0.0087357594 | E147: =$B$8*D147^$B$9*(1-(1-D147^(1/$B$5))^$B$5)^2 -> 5.1774204e-18 | F147: =$B$8*((1-(($B$3*A147)^($B$4-1))*(1+($B$3*A147)^$B$4)^(-1+1/$B$4))^2)/(1+($B$3*A147)^$B$4)^(0.5-(1/(2*$B$4))) -> 5.1774204e-18 | G147: =D147*B147 -> 259.36557 | I147: 1000000 | J147: =0.098967*I147 -> 98967 | K147: =$J$6+(($J$7-$J$6)/(1+($J$3*I147)^$J$4)^$J$5) -> 0.091635002 | L147: =(K147-$J$6)/($J$7-$J$6) -> 0.01093362 | M147: =$J$8*L147^$J$9*(1-(1-L147^(1/$J$5))^$J$5)^2 -> 1.098533e-20 | N147: =$J$8*((1-(($J$3*I147)^($J$4-1))*(1+($J$3*I147)^$J$4)^(-1+1/$J$4))^2)/(1+($J$3*I147)^$J$4)^(0.5-(1/(2*$J$4))) -> 1.098533e-20 | O147: =L147*J147 -> 1082.0676
A148: 400000 | B148: =0.098967*A148 -> 39586.8 | C148: =$B$6+(($B$7-$B$6)/(1+($B$3*A148)^$B$4)^$B$5) -> 0.09144954 | D148: =(C148-$B$6)/($B$7-$B$6) -> 0.0076309653 | E148: =$B$8*D148^$B$9*(1-(1-D148^(1/$B$5))^$B$5)^2 -> 2.0769834e-18 | F148: =$B$8*((1-(($B$3*A148)^($B$4-1))*(1+($B$3*A148)^$B$4)^(-1+1/$B$4))^2)/(1+($B$3*A148)^$B$4)^(0.5-(1/(2*$B$4))) -> 2.0769834e-18 | G148: =D148*B148 -> 302.0855
A149: 500000 | B149: =0.098967*A149 -> 49483.5 | C149: =$B$6+(($B$7-$B$6)/(1+($B$3*A149)^$B$4)^$B$5) -> 0.091205651 | D149: =(C149-$B$6)/($B$7-$B$6) -> 0.0068711872 | E149: =$B$8*D149^$B$9*(1-(1-D149^(1/$B$5))^$B$5)^2 -> 1.0226894e-18 | F149: =$B$8*((1-(($B$3*A149)^($B$4-1))*(1+($B$3*A149)^$B$4)^(-1+1/$B$4))^2)/(1+($B$3*A149)^$B$4)^(0.5-(1/(2*$B$4))) -> 1.0226895e-18 | G149: =D149*B149 -> 340.01039
A150: 600000 | B150: =0.098967*A150 -> 59380.2 | C150: =$B$6+(($B$7-$B$6)/(1+($B$3*A150)^$B$4)^$B$5) -> 0.091024518 | D150: =(C150-$B$6)/($B$7-$B$6) -> 0.0063069095 | E150: =$B$8*D150^$B$9*(1-(1-D150^(1/$B$5))^$B$5)^2 -> 5.7324905e-19 | F150: =$B$8*((1-(($B$3*A150)^($B$4-1))*(1+($B$3*A150)^$B$4)^(-1+1/$B$4))^2)/(1+($B$3*A150)^$B$4)^(0.5-(1/(2*$B$4))) -> 5.7324905e-19 | G150: =D150*B150 -> 374.50555
A151: 700000 | B151: =0.098967*A151 -> 69276.9 | C151: =$B$6+(($B$7-$B$6)/(1+($B$3*A151)^$B$4)^$B$5) -> 0.090883027 | D151: =(C151-$B$6)/($B$7-$B$6) -> 0.005866129 | E151: =$B$8*D151^$B$9*(1-(1-D151^(1/$B$5))^$B$5)^2 -> 3.513883e-19 | F151: =$B$8*((1-(($B$3*A151)^($B$4-1))*(1+($B$3*A151)^$B$4)^(-1+1/$B$4))^2)/(1+($B$3*A151)^$B$4)^(0.5-(1/(2*$B$4))) -> 3.5138831e-19 | G151: =D151*B151 -> 406.38724
A152: 800000 | B152: =0.098967*A152 -> 79173.6 | C152: =$B$6+(($B$7-$B$6)/(1+($B$3*A152)^$B$4)^$B$5) -> 0.090768481 | D152: =(C152-$B$6)/($B$7-$B$6) -> 0.005509287 | E152: =$B$8*D152^$B$9*(1-(1-D152^(1/$B$5))^$B$5)^2 -> 2.299656e-19 | F152: =$B$8*((1-(($B$3*A152)^($B$4-1))*(1+($B$3*A152)^$B$4)^(-1+1/$B$4))^2)/(1+($B$3*A152)^$B$4)^(0.5-(1/(2*$B$4))) -> 2.2996561e-19 | G152: =D152*B152 -> 436.19009
A153: 900000 | B153: =0.098967*A153 -> 89070.3 | C153: =$B$6+(($B$7-$B$6)/(1+($B$3*A153)^$B$4)^$B$5) -> 0.090673242 | D153: =(C153-$B$6)/($B$7-$B$6) -> 0.0052125918 | E153: =$B$8*D153^$B$9*(1-(1-D153^(1/$B$5))^$B$5)^2 -> 1.5821718e-19 | F153: =$B$8*((1-(($B$3*A153)^($B$4-1))*(1+($B$3*A153)^$B$4)^(-1+1/$B$4))^2)/(1+($B$3*A153)^$B$4)^(0.5-(1/(2*$B$4))) -> 1.5821719e-19 | G153: =D153*B153 -> 464.28712
A154: 1000000 | B154: =0.098967*A154 -> 98967 | C154: =$B$6+(($B$7-$B$6)/(1+($B$3*A154)^$B$4)^$B$5) -> 0.090592402 | D154: =(C154-$B$6)/($B$7-$B$6) -> 0.0049607541 | E154: =$B$8*D154^$B$9*(1-(1-D154^(1/$B$5))^$B$5)^2 -> 1.1323315e-19 | F154: =$B$8*((1-(($B$3*A154)^($B$4-1))*(1+($B$3*A154)^$B$4)^(-1+1/$B$4))^2)/(1+($B$3*A154)^$B$4)^(0.5-(1/(2*$B$4))) -> 1.1323317e-19 | G154: =D154*B154 -> 490.95095

Sheet SWR_UTU0
A1: Van Genuchten parameters | I1: Van Genuchten parameters
A2: DRYING | I2: WETTING
A3: a (1/cm) = | B3: 0.04 | C3: =B3*10.19 -> 0.4076 | D3: =1/C3 -> 2.4533857 | I3: a = | J3: 0.04 | K3: =J3*10.19 -> 0.4076 | L3: =1/K3 -> 2.4533857
A4: n = | B4: 1.64 | I4: n = | J4: 1.5
A5: m= | B5: =1-1/B4 -> 0.3902439 | I5: m= | J5: =1-1/J4 -> 0.33333333
A6: qr = | B6: 0.1 | I6: qr = | J6: 0.1
A7: qs = | B7: 0.44 | I7: qs = | J7: 0.38
A8: ksat (cm/sec)= | B8: 0.000357 | I8: ksat (cm/sec)= | J8: 0.00021
A9: l= | B9: 0.5 | I9: l= | J9: 0.5
A11: HCCC obtained with Van Genuchten-Mualem model | I11: HCCC obtained with Van Genuchten-Mualem model
A13: Suction (cm) | B13: Suction (kPa) | C13: q | D13: Se | E13: k (cm/s) | G13: Suction stress (kPa) | I13: Suction (cm) | J13: Suction (kPa) | K13: q | L13: Se | M13: k (cm/s) | O13: Suction stress (kPa) | R13: Node | S13: Depth | T13: Head M | U13: oisture | V13: K | W13: C | X13: Flux | Y13: Sink | Z13: Kappa | AA13: v/KsTop | AB13: Temp
A14: 1 | B14: =0.098967*A14 -> 0.098967 | C14: =$B$6+(($B$7-$B$6)/(1+($B$3*A14)^$B$4)^$B$5) -> 0.439326 | D14: =(C14-$B$6)/($B$7-$B$6) -> 0.99801766 | E14: =$B$8*D14^$B$9*(1-(1-D14^(1/$B$5))^$B$5)^2 -> 0.00027169127 | F14: =$B$8*((1-(($B$3*A14)^($B$4-1))*(1+($B$3*A14)^$B$4)^(-1+1/$B$4))^2)/(1+($B$3*A14)^$B$4)^(0.5-(1/(2*$B$4))) -> 0.00027169127 | G14: =D14*B14 -> 0.098770813 | I14: 1 | J14: =0.098967*I14 -> 0.098967 | K14: =$J$6+(($J$7-$J$6)/(1+($J$3*I14)^$J$4)^$J$5) -> 0.37925729 | L14: =(K14-$J$6)/($J$7-$J$6) -> 0.99734747 | M14: =$J$8*L14^$J$9*(1-(1-L14^(1/$J$5))^$J$5)^2 -> 0.0001343997 | N14: =$J$8*((1-(($J$3*I14)^($J$4-1))*(1+($J$3*I14)^$J$4)^(-1+1/$J$4))^2)/(1+($J$3*I14)^$J$4)^(0.5-(1/(2*$J$4))) -> 0.0001343997 | O14: =L14*J14 -> 0.098704487 | S14: [L] | T14: [L] | U14: [-] | V14: [L/T] | W14: [1/L] | X14: [L/T] | Y14: [1/T] | Z14: [-] | AA14: [-] | AB14: [C]
A15: 2 | B15: =0.098967*A15 -> 0.197934 | C15: =$B$6+(($B$7-$B$6)/(1+($B$3*A15)^$B$4)^$B$5) -> 0.43791493 | D15: =(C15-$B$6)/($B$7-$B$6) -> 0.99386745 | E15: =$B$8*D15^$B$9*(1-(1-D15^(1/$B$5))^$B$5)^2 -> 0.00022927197 | F15: =$B$8*((1-(($B$3*A15)^($B$4-1))*(1+($B$3*A15)^$B$4)^(-1+1/$B$4))^2)/(1+($B$3*A15)^$B$4)^(0.5-(1/(2*$B$4))) -> 0.00022927197 | G15: =D15*B15 -> 0.19672016 | I15: 2 | J15: =0.098967*I15 -> 0.197934 | K15: =$J$6+(($J$7-$J$6)/(1+($J$3*I15)^$J$4)^$J$5) -> 0.37791942 | L15: =(K15-$J$6)/($J$7-$J$6) -> 0.99256934 | M15: =$J$8*L15^$J$9*(1-(1-L15^(1/$J$5))^$J$5)^2 -> 0.00010823565 | N15: =$J$8*((1-(($J$3*I15)^($J$4-1))*(1+($J$3*I15)^$J$4)^(-1+1/$J$4))^2)/(1+($J$3*I15)^$J$4)^(0.5-(1/(2*$J$4))) -> 0.00010823565 | O15: =L15*J15 -> 0.19646322
A16: 4 | B16: =0.098967*A16 -> 0.395868 | C16: =$B$6+(($B$7-$B$6)/(1+($B$3*A16)^$B$4)^$B$5) -> 0.43364749 | D16: =(C16-$B$6)/($B$7-$B$6) -> 0.98131613 | E16: =$B$8*D16^$B$9*(1-(1-D16^(1/$B$5))^$B$5)^2 -> 0.00017146073 | F16: =$B$8*((1-(($B$3*A16)^($B$4-1))*(1+($B$3*A16)^$B$4)^(-1+1/$B$4))^2)/(1+($B$3*A16)^$B$4)^(0.5-(1/(2*$B$4))) -> 0.00017146073 | G16: =D16*B16 -> 0.38847166 | I16: 4 | J16: =0.098967*I16 -> 0.395868 | K16: =$J$6+(($J$7-$J$6)/(1+($J$3*I16)^$J$4)^$J$5) -> 0.37426948 | L16: =(K16-$J$6)/($J$7-$J$6) -> 0.97953387 | M16: =$J$8*L16^$J$9*(1-(1-L16^(1/$J$5))^$J$5)^2 -> 7.6878076e-05 | N16: =$J$8*((1-(($J$3*I16)^($J$4-1))*(1+($J$3*I16)^$J$4)^(-1+1/$J$4))^2)/(1+($J$3*I16)^$J$4)^(0.5-(1/(2*$J$4))) -> 7.6878076e-05 | O16: =L16*J16 -> 0.38776611 | R16: 1 | S16: 0 | T16: -369.804 | U16: 0.1565 | V16: 9.286e-10 | W16: 8.574e-05 | X16: 1.511e-12 | Y16: 0 | Z16: -1 | AA16: 3.69e-09 | AB16: 20
A17: 5 | B17: =0.098967*A17 -> 0.494835 | C17: =$B$6+(($B$7-$B$6)/(1+($B$3*A17)^$B$4)^$B$5) -> 0.43097158 | D17: =(C17-$B$6)/($B$7-$B$6) -> 0.97344583 | E17: =$B$8*D17^$B$9*(1-(1-D17^(1/$B$5))^$B$5)^2 -> 0.0001499574 | F17: =$B$8*((1-(($B$3*A17)^($B$4-1))*(1+($B$3*A17)^$B$4)^(-1+1/$B$4))^2)/(1+($B$3*A17)^$B$4)^(0.5-(1/(2*$B$4))) -> 0.0001499574 | G17: =D17*B17 -> 0.48169507 | I17: 5 | J17: =0.098967*I17 -> 0.494835 | K17: =$J$6+(($J$7-$J$6)/(1+($J$3*I17)^$J$4)^$J$5) -> 0.37211756 | L17: =(K17-$J$6)/($J$7-$J$6) -> 0.97184842 | M17: =$J$8*L17^$J$9*(1-(1-L17^(1/$J$5))^$J$5)^2 -> 6.6174941e-05 | N17: =$J$8*((1-(($J$3*I17)^($J$4-1))*(1+($J$3*I17)^$J$4)^(-1+1/$J$4))^2)/(1+($J$3*I17)^$J$4)^(0.5-(1/(2*$J$4))) -> 6.6174941e-05 | O17: =L17*J17 -> 0.48090461 | R17: 2 | S17: -0.1342 | T17: -369.927 | U17: 0.1565 | V17: 9.273e-10 | W17: 8.57e-05 | X17: -3.536e-09 | Y17: 0 | Z17: -1 | AA17: -8.65e-06 | AB17: 20
A18: 6 | B18: =0.098967*A18 -> 0.593802 | C18: =$B$6+(($B$7-$B$6)/(1+($B$3*A18)^$B$4)^$B$5) -> 0.42801933 | D18: =(C18-$B$6)/($B$7-$B$6) -> 0.96476275 | E18: =$B$8*D18^$B$9*(1-(1-D18^(1/$B$5))^$B$5)^2 -> 0.00013174766 | F18: =$B$8*((1-(($B$3*A18)^($B$4-1))*(1+($B$3*A18)^$B$4)^(-1+1/$B$4))^2)/(1+($B$3*A18)^$B$4)^(0.5-(1/(2*$B$4))) -> 0.00013174766 | G18: =D18*B18 -> 0.57287805 | I18: 6 | J18: =0.098967*I18 -> 0.593802 | K18: =$J$6+(($J$7-$J$6)/(1+($J$3*I18)^$J$4)^$J$5) -> 0.36981478 | L18: =(K18-$J$6)/($J$7-$J$6) -> 0.96362422 | M18: =$J$8*L18^$J$9*(1-(1-L18^(1/$J$5))^$J$5)^2 -> 5.7453097e-05 | N18: =$J$8*((1-(($J$3*I18)^($J$4-1))*(1+($J$3*I18)^$J$4)^(-1+1/$J$4))^2)/(1+($J$3*I18)^$J$4)^(0.5-(1/(2*$J$4))) -> 5.7453097e-05 | O18: =L18*J18 -> 0.57220199 | R18: 3 | S18: -0.2658 | T18: -370.554 | U18: 0.1564 | V18: 9.208e-10 | W18: 8.544e-05 | X18: -7.057e-09 | Y18: 0 | Z18: -1 | AA18: -1.73e-05 | AB18: 20
A19: 8 | B19: =0.098967*A19 -> 0.791736 | C19: =$B$6+(($B$7-$B$6)/(1+($B$3*A19)^$B$4)^$B$5) -> 0.42148096 | D19: =(C19-$B$6)/($B$7-$B$6) -> 0.94553222 | E19: =$B$8*D19^$B$9*(1-(1-D19^(1/$B$5))^$B$5)^2 -> 0.00010272867 | F19: =$B$8*((1-(($B$3*A19)^($B$4-1))*(1+($B$3*A19)^$B$4)^(-1+1/$B$4))^2)/(1+($B$3*A19)^$B$4)^(0.5-(1/(2*$B$4))) -> 0.00010272867 | G19: =D19*B19 -> 0.7486119 | I19: 8 | J19: =0.098967*I19 -> 0.791736 | K19: =$J$6+(($J$7-$J$6)/(1+($J$3*I19)^$J$4)^$J$5) -> 0.36489415 | L19: =(K19-$J$6)/($J$7-$J$6) -> 0.94605052 | M19: =$J$8*L19^$J$9*(1-(1-L19^(1/$J$5))^$J$5)^2 -> 4.4133704e-05 | N19: =$J$8*((1-(($J$3*I19)^($J$4-1))*(1+($J$3*I19)^$J$4)^(-1+1/$J$4))^2)/(1+($J$3*I19)^$J$4)^(0.5-(1/(2*$J$4))) -> 4.4133704e-05 | O19: =L19*J19 -> 0.74902226 | R19: 4 | S19: -0.3948 | T19: -371.669 | U19: 0.1563 | V19: 9.092e-10 | W19: 8.5e-05 | X19: -1.054e-08 | Y19: 0 | Z19: -1 | AA19: -2.58e-05 | AB19: 20
A20: 10 | B20: =0.098967*A20 -> 0.98967 | C20: =$B$6+(($B$7-$B$6)/(1+($B$3*A20)^$B$4)^$B$5) -> 0.4143599 | D20: =(C20-$B$6)/($B$7-$B$6) -> 0.92458794 | E20: =$B$8*D20^$B$9*(1-(1-D20^(1/$B$5))^$B$5)^2 -> 8.096036e-05 | F20: =$B$8*((1-(($B$3*A20)^($B$4-1))*(1+($B$3*A20)^$B$4)^(-1+1/$B$4))^2)/(1+($B$3*A20)^$B$4)^(0.5-(1/(2*$B$4))) -> 8.096036e-05 | G20: =D20*B20 -> 0.91503695 | I20: 10 | J20: =0.098967*I20 -> 0.98967 | K20: =$J$6+(($J$7-$J$6)/(1+($J$3*I20)^$J$4)^$J$5) -> 0.35972259 | L20: =(K20-$J$6)/($J$7-$J$6) -> 0.92758069 | M20: =$J$8*L20^$J$9*(1-(1-L20^(1/$J$5))^$J$5)^2 -> 3.455601e-05 | N20: =$J$8*((1-(($J$3*I20)^($J$4-1))*(1+($J$3*I20)^$J$4)^(-1+1/$J$4))^2)/(1+($J$3*I20)^$J$4)^(0.5-(1/(2*$J$4))) -> 3.455601e-05 | O20: =L20*J20 -> 0.91799878 | R20: 5 | S20: -0.5212 | T20: -373.269 | U20: 0.1562 | V20: 8.925e-10 | W20: 8.435e-05 | X20: -1.401e-08 | Y20: 0 | Z20: -1 | AA20: -3.43e-05 | AB20: 20
A21: 11 | B21: =0.098967*A21 -> 1.088637 | C21: =$B$6+(($B$7-$B$6)/(1+($B$3*A21)^$B$4)^$B$5) -> 0.41066093 | D21: =(C21-$B$6)/($B$7-$B$6) -> 0.91370863 | E21: =$B$8*D21^$B$9*(1-(1-D21^(1/$B$5))^$B$5)^2 -> 7.2121091e-05 | F21: =$B$8*((1-(($B$3*A21)^($B$4-1))*(1+($B$3*A21)^$B$4)^(-1+1/$B$4))^2)/(1+($B$3*A21)^$B$4)^(0.5-(1/(2*$B$4))) -> 7.2121091e-05 | G21: =D21*B21 -> 0.99469702 | I21: 11 | J21: =0.098967*I21 -> 1.088637 | K21: =$J$6+(($J$7-$J$6)/(1+($J$3*I21)^$J$4)^$J$5) -> 0.35709041 | L21: =(K21-$J$6)/($J$7-$J$6) -> 0.91818004 | M21: =$J$8*L21^$J$9*(1-(1-L21^(1/$J$5))^$J$5)^2 -> 3.0755429e-05 | N21: =$J$8*((1-(($J$3*I21)^($J$4-1))*(1+($J$3*I21)^$J$4)^(-1+1/$J$4))^2)/(1+($J$3*I21)^$J$4)^(0.5-(1/(2*$J$4))) -> 3.0755429e-05 | O21: =L21*J21 -> 0.99956477 | R21: 6 | S21: -0.645 | T21: -375.358 | U21: 0.156 | V21: 8.707e-10 | W21: 8.352e-05 | X21: -1.748e-08 | Y21: 0 | Z21: -1 | AA21: -4.27e-05 | AB21: 20
A22: 13 | B22: =0.098967*A22 -> 1.286571 | C22: =$B$6+(($B$7-$B$6)/(1+($B$3*A22)^$B$4)^$B$5) -> 0.40311153 | D22: =(C22-$B$6)/($B$7-$B$6) -> 0.8915045 | E22: =$B$8*D22^$B$9*(1-(1-D22^(1/$B$5))^$B$5)^2 -> 5.7597535e-05 | F22: =$B$8*((1-(($B$3*A22)^($B$4-1))*(1+($B$3*A22)^$B$4)^(-1+1/$B$4))^2)/(1+($B$3*A22)^$B$4)^(0.5-(1/(2*$B$4))) -> 5.7597535e-05 | G22: =D22*B22 -> 1.1469838 | I22: 13 | J22: =0.098967*I22 -> 1.286571 | K22: =$J$6+(($J$7-$J$6)/(1+($J$3*I22)^$J$4)^$J$5) -> 0.3518022 | L22: =(K22-$J$6)/($J$7-$J$6) -> 0.89929357 | M22: =$J$8*L22^$J$9*(1-(1-L22^(1/$J$5))^$J$5)^2 -> 2.4606275e-05 | N22: =$J$8*((1-(($J$3*I22)^($J$4-1))*(1+($J$3*I22)^$J$4)^(-1+1/$J$4))^2)/(1+($J$3*I22)^$J$4)^(0.5-(1/(2*$J$4))) -> 2.4606275e-05 | O22: =L22*J22 -> 1.157005 | R22: 7 | S22: -0.7663 | T22: -377.958 | U22: 0.1557 | V22: 8.436e-10 | W22: 8.247e-05 | X22: -2.096e-08 | Y22: 0 | Z22: -1 | AA22: -5.12e-05 | AB22: 20
A23: 15 | B23: =0.098967*A23 -> 1.484505 | C23: =$B$6+(($B$7-$B$6)/(1+($B$3*A23)^$B$4)^$B$5) -> 0.3954898 | D23: =(C23-$B$6)/($B$7-$B$6) -> 0.86908766 | E23: =$B$8*D23^$B$9*(1-(1-D23^(1/$B$5))^$B$5)^2 -> 4.6371006e-05 | F23: =$B$8*((1-(($B$3*A23)^($B$4-1))*(1+($B$3*A23)^$B$4)^(-1+1/$B$4))^2)/(1+($B$3*A23)^$B$4)^(0.5-(1/(2*$B$4))) -> 4.6371006e-05 | G23: =D23*B23 -> 1.290165 | I23: 15 | J23: =0.098967*I23 -> 1.484505 | K23: =$J$6+(($J$7-$J$6)/(1+($J$3*I23)^$J$4)^$J$5) -> 0.34654871 | L23: =(K23-$J$6)/($J$7-$J$6) -> 0.88053111 | M23: =$J$8*L23^$J$9*(1-(1-L23^(1/$J$5))^$J$5)^2 -> 1.9920106e-05 | N23: =$J$8*((1-(($J$3*I23)^($J$4-1))*(1+($J$3*I23)^$J$4)^(-1+1/$J$4))^2)/(1+($J$3*I23)^$J$4)^(0.5-(1/(2*$J$4))) -> 1.9920106e-05 | O23: =L23*J23 -> 1.3071528 | R23: 8 | S23: -0.8849 | T23: -381.099 | U23: 0.1555 | V23: 8.109e-10 | W23: 8.121e-05 | X23: -2.448e-08 | Y23: 0 | Z23: -1 | AA23: -5.98e-05 | AB23: 20
A24: 17 | B24: =0.098967*A24 -> 1.682439 | C24: =$B$6+(($B$7-$B$6)/(1+($B$3*A24)^$B$4)^$B$5) -> 0.3879146 | D24: =(C24-$B$6)/($B$7-$B$6) -> 0.84680763 | E24: =$B$8*D24^$B$9*(1-(1-D24^(1/$B$5))^$B$5)^2 -> 3.7621921e-05 | F24: =$B$8*((1-(($B$3*A24)^($B$4-1))*(1+($B$3*A24)^$B$4)^(-1+1/$B$4))^2)/(1+($B$3*A24)^$B$4)^(0.5-(1/(2*$B$4))) -> 3.7621921e-05 | G24: =D24*B24 -> 1.4247022 | I24: 17 | J24: =0.098967*I24 -> 1.682439 | K24: =$J$6+(($J$7-$J$6)/(1+($J$3*I24)^$J$4)^$J$5) -> 0.34138723 | L24: =(K24-$J$6)/($J$7-$J$6) -> 0.86209725 | M24: =$J$8*L24^$J$9*(1-(1-L24^(1/$J$5))^$J$5)^2 -> 1.6296066e-05 | N24: =$J$8*((1-(($J$3*I24)^($J$4-1))*(1+($J$3*I24)^$J$4)^(-1+1/$J$4))^2)/(1+($J$3*I24)^$J$4)^(0.5-(1/(2*$J$4))) -> 1.6296066e-05 | O24: =L24*J24 -> 1.450426 | R24: 9 | S24: -1.001 | T24: -384.835 | U24: 0.1551 | V24: 7.72e-10 | W24: 7.971e-05 | X24: -2.805e-08 | Y24: 0 | Z24: -1 | AA24: -6.86e-05 | AB24: 20
A25: 19 | B25: =0.098967*A25 -> 1.880373 | C25: =$B$6+(($B$7-$B$6)/(1+($B$3*A25)^$B$4)^$B$5) -> 0.38047086 | D25: =(C25-$B$6)/($B$7-$B$6) -> 0.8249143 | E25: =$B$8*D25^$B$9*(1-(1-D25^(1/$B$5))^$B$5)^2 -> 3.0751673e-05 | F25: =$B$8*((1-(($B$3*A25)^($B$4-1))*(1+($B$3*A25)^$B$4)^(-1+1/$B$4))^2)/(1+($B$3*A25)^$B$4)^(0.5-(1/(2*$B$4))) -> 3.0751673e-05 | G25: =D25*B25 -> 1.5511466 | I25: 19 | J25: =0.098967*I25 -> 1.880373 | K25: =$J$6+(($J$7-$J$6)/(1+($J$3*I25)^$J$4)^$J$5) -> 0.33635578 | L25: =(K25-$J$6)/($J$7-$J$6) -> 0.84412779 | M25: =$J$8*L25^$J$9*(1-(1-L25^(1/$J$5))^$J$5)^2 -> 1.3458028e-05 | N25: =$J$8*((1-(($J$3*I25)^($J$4-1))*(1+($J$3*I25)^$J$4)^(-1+1/$J$4))^2)/(1+($J$3*I25)^$J$4)^(0.5-(1/(2*$J$4))) -> 1.3458028e-05 | O25: =L25*J25 -> 1.5872751 | R25: 10 | S25: -1.1145 | T25: -389.171 | U25: 0.1548 | V25: 7.514e-10 | W25: 7.864e-05 | X25: -3.114e-08 | Y25: 0 | Z25: -1 | AA25: -7.61e-05 | AB25: 20
A26: 21 | B26: =0.098967*A26 -> 2.078307 | C26: =$B$6+(($B$7-$B$6)/(1+($B$3*A26)^$B$4)^$B$5) -> 0.37321728 | D26: =(C26-$B$6)/($B$7-$B$6) -> 0.80358025 | E26: =$B$8*D26^$B$9*(1-(1-D26^(1/$B$5))^$B$5)^2 -> 2.5317353e-05 | F26: =$B$8*((1-(($B$3*A26)^($B$4-1))*(1+($B$3*A26)^$B$4)^(-1+1/$B$4))^2)/(1+($B$3*A26)^$B$4)^(0.5-(1/(2*$B$4))) -> 2.5317353e-05 | G26: =D26*B26 -> 1.6700865 | I26: 21 | J26: =0.098967*I26 -> 2.078307 | K26: =$J$6+(($J$7-$J$6)/(1+($J$3*I26)^$J$4)^$J$5) -> 0.33147851 | L26: =(K26-$J$6)/($J$7-$J$6) -> 0.82670898 | M26: =$J$8*L26^$J$9*(1-(1-L26^(1/$J$5))^$J$5)^2 -> 1.1210724e-05 | N26: =$J$8*((1-(($J$3*I26)^($J$4-1))*(1+($J$3*I26)^$J$4)^(-1+1/$J$4))^2)/(1+($J$3*I26)^$J$4)^(0.5-(1/(2*$J$4))) -> 1.1210724e-05 | O26: =L26*J26 -> 1.7181551 | R26: 11 | S26: -1.2254 | T26: -393.907 | U26: 0.1545 | V26: 7.327e-10 | W26: 7.756e-05 | X26: -3.369e-08 | Y26: 0 | Z26: -1 | AA26: -8.23e-05 | AB26: 20
A27: 23 | B27: =0.098967*A27 -> 2.276241 | C27: =$B$6+(($B$7-$B$6)/(1+($B$3*A27)^$B$4)^$B$5) -> 0.36619252 | D27: =(C27-$B$6)/($B$7-$B$6) -> 0.78291918 | E27: =$B$8*D27^$B$9*(1-(1-D27^(1/$B$5))^$B$5)^2 -> 2.098825e-05 | F27: =$B$8*((1-(($B$3*A27)^($B$4-1))*(1+($B$3*A27)^$B$4)^(-1+1/$B$4))^2)/(1+($B$3*A27)^$B$4)^(0.5-(1/(2*$B$4))) -> 2.098825e-05 | G27: =D27*B27 -> 1.7821127 | I27: 23 | J27: =0.098967*I27 -> 2.276241 | K27: =$J$6+(($J$7-$J$6)/(1+($J$3*I27)^$J$4)^$J$5) -> 0.32676961 | L27: =(K27-$J$6)/($J$7-$J$6) -> 0.80989147 | M27: =$J$8*L27^$J$9*(1-(1-L27^(1/$J$5))^$J$5)^2 -> 9.4132781e-06 | N27: =$J$8*((1-(($J$3*I27)^($J$4-1))*(1+($J$3*I27)^$J$4)^(-1+1/$J$4))^2)/(1+($J$3*I27)^$J$4)^(0.5-(1/(2*$J$4))) -> 9.4132781e-06 | O27: =L27*J27 -> 1.8435082 | R27: 12 | S27: -1.3336 | T27: -399.039 | U27: 0.1541 | V27: 7.124e-10 | W27: 7.64e-05 | X27: -3.619e-08 | Y27: 0 | Z27: -1 | AA27: -8.85e-05 | AB27: 20
... A66: 1450 | B66: =0.098967*A66 -> 143.50215 | C66: =$B$6+(($B$7-$B$6)/(1+($B$3*A66)^$B$4)^$B$5) -> 0.12527364 | D66: =(C66-$B$6)/($B$7-$B$6) -> 0.07433424 | E66: =$B$8*D66^$B$9*(1-(1-D66^(1/$B$5))^$B$5)^2 -> 2.4328613e-11 | F66: =$B$8*((1-(($B$3*A66)^($B$4-1))*(1+($B$3*A66)^$B$4)^(-1+1/$B$4))^2)/(1+($B$3*A66)^$B$4)^(0.5-(1/(2*$B$4))) -> 2.4328613e-11 | G66: =D66*B66 -> 10.667123 | I66: 1800 | J66: =0.098967*I66 -> 178.1406 | K66: =$J$6+(($J$7-$J$6)/(1+($J$3*I66)^$J$4)^$J$5) -> 0.13298033 | L66: =(K66-$J$6)/($J$7-$J$6) -> 0.1177869 | M66: =$J$8*L66^$J$9*(1-(1-L66^(1/$J$5))^$J$5)^2 -> 2.1408225e-11 | N66: =$J$8*((1-(($J$3*I66)^($J$4-1))*(1+($J$3*I66)^$J$4)^(-1+1/$J$4))^2)/(1+($J$3*I66)^$J$4)^(0.5-(1/(2*$J$4))) -> 2.1408225e-11 | O66: =L66*J66 -> 20.982629 | R66: 51 | S66: -3.8375 | T66: -2757.81 | U66: 0.3394 | V66: 1.342e-07 | W66: 1.469e-06 | X66: -8.24e-08 | Y66: 0 | Z66: -1 | AA66: -0.000201 | AB66: 20
A67: 1500 | B67: =0.098967*A67 -> 148.4505 | C67: =$B$6+(($B$7-$B$6)/(1+($B$3*A67)^$B$4)^$B$5) -> 0.12473185 | D67: =(C67-$B$6)/($B$7-$B$6) -> 0.072740747 | E67: =$B$8*D67^$B$9*(1-(1-D67^(1/$B$5))^$B$5)^2 -> 2.1535815e-11 | F67: =$B$8*((1-(($B$3*A67)^($B$4-1))*(1+($B$3*A67)^$B$4)^(-1+1/$B$4))^2)/(1+($B$3*A67)^$B$4)^(0.5-(1/(2*$B$4))) -> 2.1535815e-11 | G67: =D67*B67 -> 10.7984 | I67: 1850 | J67: =0.098967*I67 -> 183.08895 | K67: =$J$6+(($J$7-$J$6)/(1+($J$3*I67)^$J$4)^$J$5) -> 0.13253231 | L67: =(K67-$J$6)/($J$7-$J$6) -> 0.11618683 | M67: =$J$8*L67^$J$9*(1-(1-L67^(1/$J$5))^$J$5)^2 -> 1.958624e-11 | N67: =$J$8*((1-(($J$3*I67)^($J$4-1))*(1+($J$3*I67)^$J$4)^(-1+1/$J$4))^2)/(1+($J$3*I67)^$J$4)^(0.5-(1/(2*$J$4))) -> 1.958624e-11 | O67: =L67*J67 -> 21.272525 | R67: end
A68: 1550 | B68: =0.098967*A68 -> 153.39885 | C68: =$B$6+(($B$7-$B$6)/(1+($B$3*A68)^$B$4)^$B$5) -> 0.12421885 | D68: =(C68-$B$6)/($B$7-$B$6) -> 0.071231916 | E68: =$B$8*D68^$B$9*(1-(1-D68^(1/$B$5))^$B$5)^2 -> 1.9139889e-11 | F68: =$B$8*((1-(($B$3*A68)^($B$4-1))*(1+($B$3*A68)^$B$4)^(-1+1/$B$4))^2)/(1+($B$3*A68)^$B$4)^(0.5-(1/(2*$B$4))) -> 1.9139889e-11 | G68: =D68*B68 -> 10.926894 | I68: 1900 | J68: =0.098967*I68 -> 188.0373 | K68: =$J$6+(($J$7-$J$6)/(1+($J$3*I68)^$J$4)^$J$5) -> 0.13210206 | L68: =(K68-$J$6)/($J$7-$J$6) -> 0.11465021 | M68: =$J$8*L68^$J$9*(1-(1-L68^(1/$J$5))^$J$5)^2 -> 1.7961808e-11 | N68: =$J$8*((1-(($J$3*I68)^($J$4-1))*(1+($J$3*I68)^$J$4)^(-1+1/$J$4))^2)/(1+($J$3*I68)^$J$4)^(0.5-(1/(2*$J$4))) -> 1.7961808e-11 | O68: =L68*J68 -> 21.558517
A69: 1600 | B69: =0.098967*A69 -> 158.3472 | C69: =$B$6+(($B$7-$B$6)/(1+($B$3*A69)^$B$4)^$B$5) -> 0.12373225 | D69: =(C69-$B$6)/($B$7-$B$6) -> 0.069800735 | E69: =$B$8*D69^$B$9*(1-(1-D69^(1/$B$5))^$B$5)^2 -> 1.7074252e-11 | F69: =$B$8*((1-(($B$3*A69)^($B$4-1))*(1+($B$3*A69)^$B$4)^(-1+1/$B$4))^2)/(1+($B$3*A69)^$B$4)^(0.5-(1/(2*$B$4))) -> 1.7074252e-11 | G69: =D69*B69 -> 11.052751 | I69: 1950 | J69: =0.098967*I69 -> 192.98565 | K69: =$J$6+(($J$7-$J$6)/(1+($J$3*I69)^$J$4)^$J$5) -> 0.13168843 | L69: =(K69-$J$6)/($J$7-$J$6) -> 0.11317297 | M69: =$J$8*L69^$J$9*(1-(1-L69^(1/$J$5))^$J$5)^2 -> 1.6509134e-11 | N69: =$J$8*((1-(($J$3*I69)^($J$4-1))*(1+($J$3*I69)^$J$4)^(-1+1/$J$4))^2)/(1+($J$3*I69)^$J$4)^(0.5-(1/(2*$J$4))) -> 1.6509134e-11 | O69: =L69*J69 -> 21.840759
A70: 1650 | B70: =0.098967*A70 -> 163.29555 | C70: =$B$6+(($B$7-$B$6)/(1+($B$3*A70)^$B$4)^$B$5) -> 0.12326993 | D70: =(C70-$B$6)/($B$7-$B$6) -> 0.068440969 | E70: =$B$8*D70^$B$9*(1-(1-D70^(1/$B$5))^$B$5)^2 -> 1.5285103e-11 | F70: =$B$8*((1-(($B$3*A70)^($B$4-1))*(1+($B$3*A70)^$B$4)^(-1+1/$B$4))^2)/(1+($B$3*A70)^$B$4)^(0.5-(1/(2*$B$4))) -> 1.5285103e-11 | G70: =D70*B70 -> 11.176106 | I70: 2000 | J70: =0.098967*I70 -> 197.934 | K70: =$J$6+(($J$7-$J$6)/(1+($J$3*I70)^$J$4)^$J$5) -> 0.13129038 | L70: =(K70-$J$6)/($J$7-$J$6) -> 0.11175136 | M70: =$J$8*L70^$J$9*(1-(1-L70^(1/$J$5))^$J$5)^2 -> 1.5206333e-11 | N70: =$J$8*((1-(($J$3*I70)^($J$4-1))*(1+($J$3*I70)^$J$4)^(-1+1/$J$4))^2)/(1+($J$3*I70)^$J$4)^(0.5-(1/(2*$J$4))) -> 1.5206333e-11 | O70: =L70*J70 -> 22.119394
A71: 1700 | B71: =0.098967*A71 -> 168.2439 | C71: =$B$6+(($B$7-$B$6)/(1+($B$3*A71)^$B$4)^$B$5) -> 0.12283 | D71: =(C71-$B$6)/($B$7-$B$6) -> 0.067147053 | E71: =$B$8*D71^$B$9*(1-(1-D71^(1/$B$5))^$B$5)^2 -> 1.3728673e-11 | F71: =$B$8*((1-(($B$3*A71)^($B$4-1))*(1+($B$3*A71)^$B$4)^(-1+1/$B$4))^2)/(1+($B$3*A71)^$B$4)^(0.5-(1/(2*$B$4))) -> 1.3728673e-11 | G71: =D71*B71 -> 11.297082 | I71: 2050 | J71: =0.098967*I71 -> 202.88235 | K71: =$J$6+(($J$7-$J$6)/(1+($J$3*I71)^$J$4)^$J$5) -> 0.13090696 | L71: =(K71-$J$6)/($J$7-$J$6) -> 0.110382 | M71: =$J$8*L71^$J$9*(1-(1-L71^(1/$J$5))^$J$5)^2 -> 1.403476e-11 | N71: =$J$8*((1-(($J$3*I71)^($J$4-1))*(1+($J$3*I71)^$J$4)^(-1+1/$J$4))^2)/(1+($J$3*I71)^$J$4)^(0.5-(1/(2*$J$4))) -> 1.403476e-11 | O71: =L71*J71 -> 22.394559
A72: 1750 | B72: =0.098967*A72 -> 173.19225 | C72: =$B$6+(($B$7-$B$6)/(1+($B$3*A72)^$B$4)^$B$5) -> 0.12241076 | D72: =(C72-$B$6)/($B$7-$B$6) -> 0.065914002 | E72: =$B$8*D72^$B$9*(1-(1-D72^(1/$B$5))^$B$5)^2 -> 1.2369132e-11 | F72: =$B$8*((1-(($B$3*A72)^($B$4-1))*(1+($B$3*A72)^$B$4)^(-1+1/$B$4))^2)/(1+($B$3*A72)^$B$4)^(0.5-(1/(2*$B$4))) -> 1.2369132e-11 | G72: =D72*B72 -> 11.415794 | I72: 2100 | J72: =0.098967*I72 -> 207.8307 | K72: =$J$6+(($J$7-$J$6)/(1+($J$3*I72)^$J$4)^$J$5) -> 0.13053729 | L72: =(K72-$J$6)/($J$7-$J$6) -> 0.10906174 | M72: =$J$8*L72^$J$9*(1-(1-L72^(1/$J$5))^$J$5)^2 -> 1.2978468e-11 | N72: =$J$8*((1-(($J$3*I72)^($J$4-1))*(1+($J$3*I72)^$J$4)^(-1+1/$J$4))^2)/(1+($J$3*I72)^$J$4)^(0.5-(1/(2*$J$4))) -> 1.2978468e-11 | O72: =L72*J72 -> 22.666379
A73: 1800 | B73: =0.098967*A73 -> 178.1406 | C73: =$B$6+(($B$7-$B$6)/(1+($B$3*A73)^$B$4)^$B$5) -> 0.12201069 | D73: =(C73-$B$6)/($B$7-$B$6) -> 0.064737337 | E73: =$B$8*D73^$B$9*(1-(1-D73^(1/$B$5))^$B$5)^2 -> 1.1176979e-11 | F73: =$B$8*((1-(($B$3*A73)^($B$4-1))*(1+($B$3*A73)^$B$4)^(-1+1/$B$4))^2)/(1+($B$3*A73)^$B$4)^(0.5-(1/(2*$B$4))) -> 1.1176979e-11 | G73: =D73*B73 -> 11.532348 | I73: 2150 | J73: =0.098967*I73 -> 212.77905 | K73: =$J$6+(($J$7-$J$6)/(1+($J$3*I73)^$J$4)^$J$5) -> 0.13018057 | L73: =(K73-$J$6)/($J$7-$J$6) -> 0.10778774 | M73: =$J$8*L73^$J$9*(1-(1-L73^(1/$J$5))^$J$5)^2 -> 1.2023764e-11 | N73: =$J$8*((1-(($J$3*I73)^($J$4-1))*(1+($J$3*I73)^$J$4)^(-1+1/$J$4))^2)/(1+($J$3*I73)^$J$4)^(0.5-(1/(2*$J$4))) -> 1.2023764e-11 | O73: =L73*J73 -> 22.934973
A74: 1850 | B74: =0.098967*A74 -> 183.08895 | C74: =$B$6+(($B$7-$B$6)/(1+($B$3*A74)^$B$4)^$B$5) -> 0.12162843 | D74: =(C74-$B$6)/($B$7-$B$6) -> 0.063613021 | E74: =$B$8*D74^$B$9*(1-(1-D74^(1/$B$5))^$B$5)^2 -> 1.0127784e-11 | F74: =$B$8*((1-(($B$3*A74)^($B$4-1))*(1+($B$3*A74)^$B$4)^(-1+1/$B$4))^2)/(1+($B$3*A74)^$B$4)^(0.5-(1/(2*$B$4))) -> 1.0127784e-11 | G74: =D74*B74 -> 11.646841 | I74: 2200 | J74: =0.098967*I74 -> 217.7274 | K74: =$J$6+(($J$7-$J$6)/(1+($J$3*I74)^$J$4)^$J$5) -> 0.12983606 | L74: =(K74-$J$6)/($J$7-$J$6) -> 0.10655735 | M74: =$J$8*L74^$J$9*(1-(1-L74^(1/$J$5))^$J$5)^2 -> 1.1158849e-11 | N74: =$J$8*((1-(($J$3*I74)^($J$4-1))*(1+($J$3*I74)^$J$4)^(-1+1/$J$4))^2)/(1+($J$3*I74)^$J$4)^(0.5-(1/(2*$J$4))) -> 1.1158849e-11 | O74: =L74*J74 -> 23.200455
A75: 1900 | B75: =0.098967*A75 -> 188.0373 | C75: =$B$6+(($B$7-$B$6)/(1+($B$3*A75)^$B$4)^$B$5) -> 0.12126272 | D75: =(C75-$B$6)/($B$7-$B$6) -> 0.062537405 | E75: =$B$8*D75^$B$9*(1-(1-D75^(1/$B$5))^$B$5)^2 -> 9.2012115e-12 | F75: =$B$8*((1-(($B$3*A75)^($B$4-1))*(1+($B$3*A75)^$B$4)^(-1+1/$B$4))^2)/(1+($B$3*A75)^$B$4)^(0.5-(1/(2*$B$4))) -> 9.2012115e-12 | G75: =D75*B75 -> 11.759365 | I75: 2250 | J75: =0.098967*I75 -> 222.67575 | K75: =$J$6+(($J$7-$J$6)/(1+($J$3*I75)^$J$4)^$J$5) -> 0.12950308 | L75: =(K75-$J$6)/($J$7-$J$6) -> 0.10536814 | M75: =$J$8*L75^$J$9*(1-(1-L75^(1/$J$5))^$J$5)^2 -> 1.0373518e-11 | N75: =$J$8*((1-(($J$3*I75)^($J$4-1))*(1+($J$3*I75)^$J$4)^(-1+1/$J$4))^2)/(1+($J$3*I75)^$J$4)^(0.5-(1/(2*$J$4))) -> 1.0373518e-11 | O75: =L75*J75 -> 23.462929
A76: 1950 | B76: =0.098967*A76 -> 192.98565 | C76: =$B$6+(($B$7-$B$6)/(1+($B$3*A76)^$B$4)^$B$5) -> 0.12091244 | D76: =(C76-$B$6)/($B$7-$B$6) -> 0.061507181 | E76: =$B$8*D76^$B$9*(1-(1-D76^(1/$B$5))^$B$5)^2 -> 8.3802504e-12 | F76: =$B$8*((1-(($B$3*A76)^($B$4-1))*(1+($B$3*A76)^$B$4)^(-1+1/$B$4))^2)/(1+($B$3*A76)^$B$4)^(0.5-(1/(2*$B$4))) -> 8.3802504e-12 | G76: =D76*B76 -> 11.870003 | I76: 2300 | J76: =0.098967*I76 -> 227.6241 | K76: =$J$6+(($J$7-$J$6)/(1+($J$3*I76)^$J$4)^$J$5) -> 0.129181 | L76: =(K76-$J$6)/($J$7-$J$6) -> 0.10421785 | M76: =$J$8*L76^$J$9*(1-(1-L76^(1/$J$5))^$J$5)^2 -> 9.6589182e-12 | N76: =$J$8*((1-(($J$3*I76)^($J$4-1))*(1+($J$3*I76)^$J$4)^(-1+1/$J$4))^2)/(1+($J$3*I76)^$J$4)^(0.5-(1/(2*$J$4))) -> 9.6589182e-12 | O76: =L76*J76 -> 23.722495
A77: 2000 | B77: =0.098967*A77 -> 197.934 | C77: =$B$6+(($B$7-$B$6)/(1+($B$3*A77)^$B$4)^$B$5) -> 0.12057658 | D77: =(C77-$B$6)/($B$7-$B$6) -> 0.060519343 | E77: =$B$8*D77^$B$9*(1-(1-D77^(1/$B$5))^$B$5)^2 -> 7.6506033e-12 | F77: =$B$8*((1-(($B$3*A77)^($B$4-1))*(1+($B$3*A77)^$B$4)^(-1+1/$B$4))^2)/(1+($B$3*A77)^$B$4)^(0.5-(1/(2*$B$4))) -> 7.6506033e-12 | G77: =D77*B77 -> 11.978836 | I77: 2350 | J77: =0.098967*I77 -> 232.57245 | K77: =$J$6+(($J$7-$J$6)/(1+($J$3*I77)^$J$4)^$J$5) -> 0.12886924 | L77: =(K77-$J$6)/($J$7-$J$6) -> 0.10310443 | M77: =$J$8*L77^$J$9*(1-(1-L77^(1/$J$5))^$J$5)^2 -> 9.0073454e-12 | N77: =$J$8*((1-(($J$3*I77)^($J$4-1))*(1+($J$3*I77)^$J$4)^(-1+1/$J$4))^2)/(1+($J$3*I77)^$J$4)^(0.5-(1/(2*$J$4))) -> 9.0073454e-12 | O77: =L77*J77 -> 23.979249
A78: 2050 | B78: =0.098967*A78 -> 202.88235 | C78: =$B$6+(($B$7-$B$6)/(1+($B$3*A78)^$B$4)^$B$5) -> 0.12025419 | D78: =(C78-$B$6)/($B$7-$B$6) -> 0.059571155 | E78: =$B$8*D78^$B$9*(1-(1-D78^(1/$B$5))^$B$5)^2 -> 7.0001997e-12 | F78: =$B$8*((1-(($B$3*A78)^($B$4-1))*(1+($B$3*A78)^$B$4)^(-1+1/$B$4))^2)/(1+($B$3*A78)^$B$4)^(0.5-(1/(2*$B$4))) -> 7.0001997e-12 | G78: =D78*B78 -> 12.085936 | I78: 2400 | J78: =0.098967*I78 -> 237.5208 | K78: =$J$6+(($J$7-$J$6)/(1+($J$3*I78)^$J$4)^$J$5) -> 0.12856726 | L78: =(K78-$J$6)/($J$7-$J$6) -> 0.10202593 | M78: =$J$8*L78^$J$9*(1-(1-L78^(1/$J$5))^$J$5)^2 -> 8.412073e-12 | N78: =$J$8*((1-(($J$3*I78)^($J$4-1))*(1+($J$3*I78)^$J$4)^(-1+1/$J$4))^2)/(1+($J$3*I78)^$J$4)^(0.5-(1/(2*$J$4))) -> 8.412073e-12 | O78: =L78*J78 -> 24.23328
A79: 2100 | B79: =0.098967*A79 -> 207.8307 | C79: =$B$6+(($B$7-$B$6)/(1+($B$3*A79)^$B$4)^$B$5) -> 0.11994444 | D79: =(C79-$B$6)/($B$7-$B$6) -> 0.058660115 | E79: =$B$8*D79^$B$9*(1-(1-D79^(1/$B$5))^$B$5)^2 -> 6.4188059e-12 | F79: =$B$8*((1-(($B$3*A79)^($B$4-1))*(1+($B$3*A79)^$B$4)^(-1+1/$B$4))^2)/(1+($B$3*A79)^$B$4)^(0.5-(1/(2*$B$4))) -> 6.4188059e-12 | G79: =D79*B79 -> 12.191373 | I79: 2450 | J79: =0.098967*I79 -> 242.46915 | K79: =$J$6+(($J$7-$J$6)/(1+($J$3*I79)^$J$4)^$J$5) -> 0.12827456 | L79: =(K79-$J$6)/($J$7-$J$6) -> 0.10098057 | M79: =$J$8*L79^$J$9*(1-(1-L79^(1/$J$5))^$J$5)^2 -> 7.8672122e-12 | N79: =$J$8*((1-(($J$3*I79)^($J$4-1))*(1+($J$3*I79)^$J$4)^(-1+1/$J$4))^2)/(1+($J$3*I79)^$J$4)^(0.5-(1/(2*$J$4))) -> 7.8672122e-12 | O79: =L79*J79 -> 24.484673
... A147: 300000 | B147: =0.098967*A147 -> 29690.1 | C147: =$B$6+(($B$7-$B$6)/(1+($B$3*A147)^$B$4)^$B$5) -> 0.1008333 | D147: =(C147-$B$6)/($B$7-$B$6) -> 0.0024508908 | E147: =$B$8*D147^$B$9*(1-(1-D147^(1/$B$5))^$B$5)^2 -> 1.1227624e-19 | F147: =$B$8*((1-(($B$3*A147)^($B$4-1))*(1+($B$3*A147)^$B$4)^(-1+1/$B$4))^2)/(1+($B$3*A147)^$B$4)^(0.5-(1/(2*$B$4))) -> 1.1227624e-19 | G147: =D147*B147 -> 72.767194 | I147: 1000000 | J147: =0.098967*I147 -> 98967 | K147: =$J$6+(($J$7-$J$6)/(1+($J$3*I147)^$J$4)^$J$5) -> 0.1014 | L147: =(K147-$J$6)/($J$7-$J$6) -> 0.0049999998 | M147: =$J$8*L147^$J$9*(1-(1-L147^(1/$J$5))^$J$5)^2 -> 2.577993e-20 | N147: =$J$8*((1-(($J$3*I147)^($J$4-1))*(1+($J$3*I147)^$J$4)^(-1+1/$J$4))^2)/(1+($J$3*I147)^$J$4)^(0.5-(1/(2*$J$4))) -> 2.577993e-20 | O147: =L147*J147 -> 494.83498
A148: 400000 | B148: =0.098967*A148 -> 39586.8 | C148: =$B$6+(($B$7-$B$6)/(1+($B$3*A148)^$B$4)^$B$5) -> 0.10069317 | D148: =(C148-$B$6)/($B$7-$B$6) -> 0.0020387463 | E148: =$B$8*D148^$B$9*(1-(1-D148^(1/$B$5))^$B$5)^2 -> 3.9857352e-20 | F148: =$B$8*((1-(($B$3*A148)^($B$4-1))*(1+($B$3*A148)^$B$4)^(-1+1/$B$4))^2)/(1+($B$3*A148)^$B$4)^(0.5-(1/(2*$B$4))) -> 3.9857353e-20 | G148: =D148*B148 -> 80.707443
A149: 500000 | B149: =0.098967*A149 -> 49483.5 | C149: =$B$6+(($B$7-$B$6)/(1+($B$3*A149)^$B$4)^$B$5) -> 0.10060092 | D149: =(C149-$B$6)/($B$7-$B$6) -> 0.0017674242 | E149: =$B$8*D149^$B$9*(1-(1-D149^(1/$B$5))^$B$5)^2 -> 1.7849762e-20 | F149: =$B$8*((1-(($B$3*A149)^($B$4-1))*(1+($B$3*A149)^$B$4)^(-1+1/$B$4))^2)/(1+($B$3*A149)^$B$4)^(0.5-(1/(2*$B$4))) -> 1.7849764e-20 | G149: =D149*B149 -> 87.458334
A150: 600000 | B150: =0.098967*A150 -> 59380.2 | C150: =$B$6+(($B$7-$B$6)/(1+($B$3*A150)^$B$4)^$B$5) -> 0.10053474 | D150: =(C150-$B$6)/($B$7-$B$6) -> 0.0015727685 | E150: =$B$8*D150^$B$9*(1-(1-D150^(1/$B$5))^$B$5)^2 -> 9.2593383e-21 | F150: =$B$8*((1-(($B$3*A150)^($B$4-1))*(1+($B$3*A150)^$B$4)^(-1+1/$B$4))^2)/(1+($B$3*A150)^$B$4)^(0.5-(1/(2*$B$4))) -> 9.2593394e-21 | G150: =D150*B150 -> 93.391306
A151: 700000 | B151: =0.098967*A151 -> 69276.9 | C151: =$B$6+(($B$7-$B$6)/(1+($B$3*A151)^$B$4)^$B$5) -> 0.1004845 | D151: =(C151-$B$6)/($B$7-$B$6) -> 0.0014250131 | E151: =$B$8*D151^$B$9*(1-(1-D151^(1/$B$5))^$B$5)^2 -> 5.3158354e-21 | F151: =$B$8*((1-(($B$3*A151)^($B$4-1))*(1+($B$3*A151)^$B$4)^(-1+1/$B$4))^2)/(1+($B$3*A151)^$B$4)^(0.5-(1/(2*$B$4))) -> 5.3158361e-21 | G151: =D151*B151 -> 98.720489
A152: 800000 | B152: =0.098967*A152 -> 79173.6 | C152: =$B$6+(($B$7-$B$6)/(1+($B$3*A152)^$B$4)^$B$5) -> 0.10044482 | D152: =(C152-$B$6)/($B$7-$B$6) -> 0.00130829 | E152: =$B$8*D152^$B$9*(1-(1-D152^(1/$B$5))^$B$5)^2 -> 3.2870061e-21 | F152: =$B$8*((1-(($B$3*A152)^($B$4-1))*(1+($B$3*A152)^$B$4)^(-1+1/$B$4))^2)/(1+($B$3*A152)^$B$4)^(0.5-(1/(2*$B$4))) -> 3.2870063e-21 | G152: =D152*B152 -> 103.58203
A153: 900000 | B153: =0.098967*A153 -> 89070.3 | C153: =$B$6+(($B$7-$B$6)/(1+($B$3*A153)^$B$4)^$B$5) -> 0.10041252 | D153: =(C153-$B$6)/($B$7-$B$6) -> 0.001213295 | E153: =$B$8*D153^$B$9*(1-(1-D153^(1/$B$5))^$B$5)^2 -> 2.1510546e-21 | F153: =$B$8*((1-(($B$3*A153)^($B$4-1))*(1+($B$3*A153)^$B$4)^(-1+1/$B$4))^2)/(1+($B$3*A153)^$B$4)^(0.5-(1/(2*$B$4))) -> 2.151055e-21 | G153: =D153*B153 -> 108.06855
A154: 1000000 | B154: =0.098967*A154 -> 98967 | C154: =$B$6+(($B$7-$B$6)/(1+($B$3*A154)^$B$4)^$B$5) -> 0.10038562 | D154: =(C154-$B$6)/($B$7-$B$6) -> 0.001134179 | E154: =$B$8*D154^$B$9*(1-(1-D154^(1/$B$5))^$B$5)^2 -> 1.4720565e-21 | F154: =$B$8*((1-(($B$3*A154)^($B$4-1))*(1+($B$3*A154)^$B$4)^(-1+1/$B$4))^2)/(1+($B$3*A154)^$B$4)^(0.5-(1/(2*$B$4))) -> 1.4720566e-21 | G154: =D154*B154 -> 112.24629

Sheet SWR_ELTz015
A1: Van Genuchten parameters | I1: Van Genuchten parameters
A2: DRYING | I2: WETTING
A3: a (1/cm) = | B3: 0.019 | C3: =B3*10.19 -> 0.19361 | D3: =1/C3 -> 5.1650225 | I3: a = | J3: 0.02 | K3: =J3*10.19 -> 0.2038 | L3: =1/K3 -> 4.9067713
A4: n = | B4: 1.35 | I4: n = | J4: 1.39
A5: m= | B5: =1-1/B4 -> 0.25925926 | I5: m= | J5: =1-1/J4 -> 0.28057554
A6: qr = | B6: 0.1 | I6: qr = | J6: 0.1
A7: qs = | B7: 0.51 | I7: qs = | J7: 0.46
A8: ksat (cm/sec)= | B8: 7e-05 | I8: ksat (cm/sec)= | J8: 7.5e-06
A9: l= | B9: 0.5 | I9: l= | J9: 0.5
A11: HCCC obtained with Van Genuchten-Mualem model | I11: HCCC obtained with Van Genuchten-Mualem model
A13: Suction (cm) | B13: Suction (kPa) | C13: q | D13: Se | E13: k (cm/s) | G13: Suction stress (kPa) | I13: Suction (cm) | J13: Suction (kPa) | K13: q | L13: Se | M13: k (cm/s) | O13: Suction stress (kPa) | R13: Node | S13: Depth | T13: Head M | U13: oisture | V13: K | W13: C | X13: Flux | Y13: Sink | Z13: Kappa | AA13: v/KsTop | AB13: Temp | AG13: 1 | AH13: 0 | AI13: -332.332 | AJ13: 0.1548 | AK13: 6.625e-09 | AL13: 0.0002169 | AM13: 1.06e-12 | AN13: 0 | AO13: -1 | AP13: 1.68e-08 | AQ13: 20
A14: 1 | B14: =0.098967*A14 -> 0.098967 | C14: =$B$6+(($B$7-$B$6)/(1+($B$3*A14)^$B$4)^$B$5) -> 0.50949703 | D14: =(C14-$B$6)/($B$7-$B$6) -> 0.99877325 | E14: =$B$8*D14^$B$9*(1-(1-D14^(1/$B$5))^$B$5)^2 -> 3.9405732e-05 | F14: =$B$8*((1-(($B$3*A14)^($B$4-1))*(1+($B$3*A14)^$B$4)^(-1+1/$B$4))^2)/(1+($B$3*A14)^$B$4)^(0.5-(1/(2*$B$4))) -> 3.9405732e-05 | G14: =D14*B14 -> 0.098845592 | I14: 1 | J14: =0.098967*I14 -> 0.098967 | K14: =$J$6+(($J$7-$J$6)/(1+($J$3*I14)^$J$4)^$J$5) -> 0.4595619 | L14: =(K14-$J$6)/($J$7-$J$6) -> 0.99878305 | M14: =$J$8*L14^$J$9*(1-(1-L14^(1/$J$5))^$J$5)^2 -> 4.592945e-06 | N14: =$J$8*((1-(($J$3*I14)^($J$4-1))*(1+($J$3*I14)^$J$4)^(-1+1/$J$4))^2)/(1+($J$3*I14)^$J$4)^(0.5-(1/(2*$J$4))) -> 4.592945e-06 | O14: =L14*J14 -> 0.098846562 | S14: [L] | T14: [L] | U14: [-] | V14: [L/T] | W14: [1/L] | X14: [L/T] | Y14: [1/T] | Z14: [-] | AA14: [-] | AB14: [C] | AG14: 2 | AH14: -0.1163 | AI14: -332.367 | AJ14: 0.1548 | AK14: 6.622e-09 | AL14: 0.0002169 | AM14: -1.7e-08 | AN14: 0 | AO14: -1 | AP14: -0.00027 | AQ14: 20
A15: 2 | B15: =0.098967*A15 -> 0.197934 | C15: =$B$6+(($B$7-$B$6)/(1+($B$3*A15)^$B$4)^$B$5) -> 0.50872375 | D15: =(C15-$B$6)/($B$7-$B$6) -> 0.9968872 | E15: =$B$8*D15^$B$9*(1-(1-D15^(1/$B$5))^$B$5)^2 -> 3.2567745e-05 | F15: =$B$8*((1-(($B$3*A15)^($B$4-1))*(1+($B$3*A15)^$B$4)^(-1+1/$B$4))^2)/(1+($B$3*A15)^$B$4)^(0.5-(1/(2*$B$4))) -> 3.2567745e-05 | G15: =D15*B15 -> 0.19731787 | I15: 2 | J15: =0.098967*I15 -> 0.197934 | K15: =$J$6+(($J$7-$J$6)/(1+($J$3*I15)^$J$4)^$J$5) -> 0.45885696 | L15: =(K15-$J$6)/($J$7-$J$6) -> 0.99682489 | M15: =$J$8*L15^$J$9*(1-(1-L15^(1/$J$5))^$J$5)^2 -> 3.8380823e-06 | N15: =$J$8*((1-(($J$3*I15)^($J$4-1))*(1+($J$3*I15)^$J$4)^(-1+1/$J$4))^2)/(1+($J$3*I15)^$J$4)^(0.5-(1/(2*$J$4))) -> 3.8380823e-06 | O15: =L15*J15 -> 0.19730554 | AG15: 3 | AH15: -0.2303 | AI15: -332.694 | AJ15: 0.1547 | AK15: 6.6e-09 | AL15: 0.0002165 | AM15: -3.383e-08 | AN15: 0 | AO15: -1 | AP15: -0.000536 | AQ15: 20
A16: 4 | B16: =0.098967*A16 -> 0.395868 | C16: =$B$6+(($B$7-$B$6)/(1+($B$3*A16)^$B$4)^$B$5) -> 0.50678415 | D16: =(C16-$B$6)/($B$7-$B$6) -> 0.99215647 | E16: =$B$8*D16^$B$9*(1-(1-D16^(1/$B$5))^$B$5)^2 -> 2.488459e-05 | F16: =$B$8*((1-(($B$3*A16)^($B$4-1))*(1+($B$3*A16)^$B$4)^(-1+1/$B$4))^2)/(1+($B$3*A16)^$B$4)^(0.5-(1/(2*$B$4))) -> 2.488459e-05 | G16: =D16*B16 -> 0.392763 | I16: 4 | J16: =0.098967*I16 -> 0.395868 | K16: =$J$6+(($J$7-$J$6)/(1+($J$3*I16)^$J$4)^$J$5) -> 0.45703894 | L16: =(K16-$J$6)/($J$7-$J$6) -> 0.99177483 | M16: =$J$8*L16^$J$9*(1-(1-L16^(1/$J$5))^$J$5)^2 -> 2.9611429e-06 | N16: =$J$8*((1-(($J$3*I16)^($J$4-1))*(1+($J$3*I16)^$J$4)^(-1+1/$J$4))^2)/(1+($J$3*I16)^$J$4)^(0.5-(1/(2*$J$4))) -> 2.9611429e-06 | O16: =L16*J16 -> 0.39261192 | R16: 1 | S16: 0 | T16: -369.804 | U16: 0.1565 | V16: 9.286e-10 | W16: 8.574e-05 | X16: 1.511e-12 | Y16: 0 | Z16: -1 | AA16: 3.69e-09 | AB16: 20 | AG16: 4 | AH16: -0.3421 | AI16: -333.299 | AJ16: 0.1546 | AK16: 6.559e-09 | AL16: 0.0002158 | AM16: -5.03e-08 | AN16: 0 | AO16: -1 | AP16: -0.000798 | AQ16: 20
A17: 5 | B17: =0.098967*A17 -> 0.494835 | C17: =$B$6+(($B$7-$B$6)/(1+($B$3*A17)^$B$4)^$B$5) -> 0.50568232 | D17: =(C17-$B$6)/($B$7-$B$6) -> 0.98946906 | E17: =$B$8*D17^$B$9*(1-(1-D17^(1/$B$5))^$B$5)^2 -> 2.2297412e-05 | F17: =$B$8*((1-(($B$3*A17)^($B$4-1))*(1+($B$3*A17)^$B$4)^(-1+1/$B$4))^2)/(1+($B$3*A17)^$B$4)^(0.5-(1/(2*$B$4))) -> 2.2297412e-05 | G17: =D17*B17 -> 0.48962392 | I17: 5 | J17: =0.098967*I17 -> 0.494835 | K17: =$J$6+(($J$7-$J$6)/(1+($J$3*I17)^$J$4)^$J$5) -> 0.45598928 | L17: =(K17-$J$6)/($J$7-$J$6) -> 0.98885911 | M17: =$J$8*L17^$J$9*(1-(1-L17^(1/$J$5))^$J$5)^2 -> 2.6595455e-06 | N17: =$J$8*((1-(($J$3*I17)^($J$4-1))*(1+($J$3*I17)^$J$4)^(-1+1/$J$4))^2)/(1+($J$3*I17)^$J$4)^(0.5-(1/(2*$J$4))) -> 2.6595455e-06 | O17: =L17*J17 -> 0.4893221 | R17: 2 | S17: -0.1342 | T17: -369.927 | U17: 0.1565 | V17: 9.273e-10 | W17: 8.57e-05 | X17: -3.536e-09 | Y17: 0 | Z17: -1 | AA17: -8.65e-06 | AB17: 20 | AG17: 5 | AH17: -0.4515 | AI17: -334.171 | AJ17: 0.1544 | AK17: 6.5e-09 | AL17: 0.0002149 | AM17: -6.64e-08 | AN17: 0 | AO17: -1 | AP17: -0.00105 | AQ17: 20
A18: 6 | B18: =0.098967*A18 -> 0.593802 | C18: =$B$6+(($B$7-$B$6)/(1+($B$3*A18)^$B$4)^$B$5) -> 0.50451607 | D18: =(C18-$B$6)/($B$7-$B$6) -> 0.98662457 | E18: =$B$8*D18^$B$9*(1-(1-D18^(1/$B$5))^$B$5)^2 -> 2.0170751e-05 | F18: =$B$8*((1-(($B$3*A18)^($B$4-1))*(1+($B$3*A18)^$B$4)^(-1+1/$B$4))^2)/(1+($B$3*A18)^$B$4)^(0.5-(1/(2*$B$4))) -> 2.0170751e-05 | G18: =D18*B18 -> 0.58585964 | I18: 6 | J18: =0.098967*I18 -> 0.593802 | K18: =$J$6+(($J$7-$J$6)/(1+($J$3*I18)^$J$4)^$J$5) -> 0.45486967 | L18: =(K18-$J$6)/($J$7-$J$6) -> 0.98574909 | M18: =$J$8*L18^$J$9*(1-(1-L18^(1/$J$5))^$J$5)^2 -> 2.4094153e-06 | N18: =$J$8*((1-(($J$3*I18)^($J$4-1))*(1+($J$3*I18)^$J$4)^(-1+1/$J$4))^2)/(1+($J$3*I18)^$J$4)^(0.5-(1/(2*$J$4))) -> 2.4094153e-06 | O18: =L18*J18 -> 0.58533978 | R18: 3 | S18: -0.2658 | T18: -370.554 | U18: 0.1564 | V18: 9.208e-10 | W18: 8.544e-05 | X18: -7.057e-09 | Y18: 0 | Z18: -1 | AA18: -1.73e-05 | AB18: 20 | AG18: 6 | AH18: -0.5588 | AI18: -335.3 | AJ18: 0.1542 | AK18: 6.424e-09 | AL18: 0.0002136 | AM18: -8.214e-08 | AN18: 0 | AO18: -1 | AP18: -0.0013 | AQ18: 20
A19: 8 | B19: =0.098967*A19 -> 0.791736 | C19: =$B$6+(($B$7-$B$6)/(1+($B$3*A19)^$B$4)^$B$5) -> 0.50203442 | D19: =(C19-$B$6)/($B$7-$B$6) -> 0.98057176 | E19: =$B$8*D19^$B$9*(1-(1-D19^(1/$B$5))^$B$5)^2 -> 1.6838039e-05 | F19: =$B$8*((1-(($B$3*A19)^($B$4-1))*(1+($B$3*A19)^$B$4)^(-1+1/$B$4))^2)/(1+($B$3*A19)^$B$4)^(0.5-(1/(2*$B$4))) -> 1.6838039e-05 | G19: =D19*B19 -> 0.77635396 | I19: 8 | J19: =0.098967*I19 -> 0.791736 | K19: =$J$6+(($J$7-$J$6)/(1+($J$3*I19)^$J$4)^$J$5) -> 0.45246604 | L19: =(K19-$J$6)/($J$7-$J$6) -> 0.97907234 | M19: =$J$8*L19^$J$9*(1-(1-L19^(1/$J$5))^$J$5)^2 -> 2.0136585e-06 | N19: =$J$8*((1-(($J$3*I19)^($J$4-1))*(1+($J$3*I19)^$J$4)^(-1+1/$J$4))^2)/(1+($J$3*I19)^$J$4)^(0.5-(1/(2*$J$4))) -> 2.0136585e-06 | O19: =L19*J19 -> 0.77516682 | R19: 4 | S19: -0.3948 | T19: -371.669 | U19: 0.1563 | V19: 9.092e-10 | W19: 8.5e-05 | X19: -1.054e-08 | Y19: 0 | Z19: -1 | AA19: -2.58e-05 | AB19: 20 | AG19: 7 | AH19: -0.6637 | AI19: -336.676 | AJ19: 0.1539 | AK19: 6.331e-09 | AL19: 0.0002121 | AM19: -9.751e-08 | AN19: 0 | AO19: -1 | AP19: -0.00155 | AQ19: 20
A20: 10 | B20: =0.098967*A20 -> 0.98967 | C20: =$B$6+(($B$7-$B$6)/(1+($B$3*A20)^$B$4)^$B$5) -> 0.49940618 | D20: =(C20-$B$6)/($B$7-$B$6) -> 0.9741614 | E20: =$B$8*D20^$B$9*(1-(1-D20^(1/$B$5))^$B$5)^2 -> 1.4319226e-05 | F20: =$B$8*((1-(($B$3*A20)^($B$4-1))*(1+($B$3*A20)^$B$4)^(-1+1/$B$4))^2)/(1+($B$3*A20)^$B$4)^(0.5-(1/(2*$B$4))) -> 1.4319226e-05 | G20: =D20*B20 -> 0.96409832 | I20: 10 | J20: =0.098967*I20 -> 0.98967 | K20: =$J$6+(($J$7-$J$6)/(1+($J$3*I20)^$J$4)^$J$5) -> 0.44989807 | L20: =(K20-$J$6)/($J$7-$J$6) -> 0.9719391 | M20: =$J$8*L20^$J$9*(1-(1-L20^(1/$J$5))^$J$5)^2 -> 1.7117647e-06 | N20: =$J$8*((1-(($J$3*I20)^($J$4-1))*(1+($J$3*I20)^$J$4)^(-1+1/$J$4))^2)/(1+($J$3*I20)^$J$4)^(0.5-(1/(2*$J$4))) -> 1.7117647e-06 | O20: =L20*J20 -> 0.96189897 | R20: 5 | S20: -0.5212 | T20: -373.269 | U20: 0.1562 | V20: 8.925e-10 | W20: 8.435e-05 | X20: -1.401e-08 | Y20: 0 | Z20: -1 | AA20: -3.43e-05 | AB20: 20 | AG20: 8 | AH20: -0.7665 | AI20: -338.295 | AJ20: 0.1536 | AK20: 6.221e-09 | AL20: 0.0002103 | AM20: -1.125e-07 | AN20: 0 | AO20: -1 | AP20: -0.00178 | AQ20: 20
A21: 11 | B21: =0.098967*A21 -> 1.088637 | C21: =$B$6+(($B$7-$B$6)/(1+($B$3*A21)^$B$4)^$B$5) -> 0.49805179 | D21: =(C21-$B$6)/($B$7-$B$6) -> 0.97085803 | E21: =$B$8*D21^$B$9*(1-(1-D21^(1/$B$5))^$B$5)^2 -> 1.3273356e-05 | F21: =$B$8*((1-(($B$3*A21)^($B$4-1))*(1+($B$3*A21)^$B$4)^(-1+1/$B$4))^2)/(1+($B$3*A21)^$B$4)^(0.5-(1/(2*$B$4))) -> 1.3273356e-05 | G21: =D21*B21 -> 1.056912 | I21: 11 | J21: =0.098967*I21 -> 1.088637 | K21: =$J$6+(($J$7-$J$6)/(1+($J$3*I21)^$J$4)^$J$5) -> 0.44856814 | L21: =(K21-$J$6)/($J$7-$J$6) -> 0.96824484 | M21: =$J$8*L21^$J$9*(1-(1-L21^(1/$J$5))^$J$5)^2 -> 1.5857883e-06 | N21: =$J$8*((1-(($J$3*I21)^($J$4-1))*(1+($J$3*I21)^$J$4)^(-1+1/$J$4))^2)/(1+($J$3*I21)^$J$4)^(0.5-(1/(2*$J$4))) -> 1.5857883e-06 | O21: =L21*J21 -> 1.0540672 | R21: 6 | S21: -0.645 | T21: -375.358 | U21: 0.156 | V21: 8.707e-10 | W21: 8.352e-05 | X21: -1.748e-08 | Y21: 0 | Z21: -1 | AA21: -4.27e-05 | AB21: 20 | AG21: 9 | AH21: -0.8669 | AI21: -340.152 | AJ21: 0.1532 | AK21: 6.095e-09 | AL21: 0.0002082 | AM21: -1.271e-07 | AN21: 0 | AO21: -1 | AP21: -0.00202 | AQ21: 20
A22: 13 | B22: =0.098967*A22 -> 1.286571 | C22: =$B$6+(($B$7-$B$6)/(1+($B$3*A22)^$B$4)^$B$5) -> 0.49528459 | D22: =(C22-$B$6)/($B$7-$B$6) -> 0.96410875 | E22: =$B$8*D22^$B$9*(1-(1-D22^(1/$B$5))^$B$5)^2 -> 1.1498953e-05 | F22: =$B$8*((1-(($B$3*A22)^($B$4-1))*(1+($B$3*A22)^$B$4)^(-1+1/$B$4))^2)/(1+($B$3*A22)^$B$4)^(0.5-(1/(2*$B$4))) -> 1.1498953e-05 | G22: =D22*B22 -> 1.2403944 | I22: 13 | J22: =0.098967*I22 -> 1.286571 | K22: =$J$6+(($J$7-$J$6)/(1+($J$3*I22)^$J$4)^$J$5) -> 0.44584026 | L22: =(K22-$J$6)/($J$7-$J$6) -> 0.9606674 | M22: =$J$8*L22^$J$9*(1-(1-L22^(1/$J$5))^$J$5)^2 -> 1.371343e-06 | N22: =$J$8*((1-(($J$3*I22)^($J$4-1))*(1+($J$3*I22)^$J$4)^(-1+1/$J$4))^2)/(1+($J$3*I22)^$J$4)^(0.5-(1/(2*$J$4))) -> 1.371343e-06 | O22: =L22*J22 -> 1.2359668 | R22: 7 | S22: -0.7663 | T22: -377.958 | U22: 0.1557 | V22: 8.436e-10 | W22: 8.247e-05 | X22: -2.096e-08 | Y22: 0 | Z22: -1 | AA22: -5.12e-05 | AB22: 20 | AG22: 10 | AH22: -0.9651 | AI22: -342.245 | AJ22: 0.1528 | AK22: 5.954e-09 | AL22: 0.0002059 | AM22: -1.414e-07 | AN22: 0 | AO22: -1 | AP22: -0.00224 | AQ22: 20
A23: 15 | B23: =0.098967*A23 -> 1.484505 | C23: =$B$6+(($B$7-$B$6)/(1+($B$3*A23)^$B$4)^$B$5) -> 0.49246239 | D23: =(C23-$B$6)/($B$7-$B$6) -> 0.95722533 | E23: =$B$8*D23^$B$9*(1-(1-D23^(1/$B$5))^$B$5)^2 -> 1.0051831e-05 | F23: =$B$8*((1-(($B$3*A23)^($B$4-1))*(1+($B$3*A23)^$B$4)^(-1+1/$B$4))^2)/(1+($B$3*A23)^$B$4)^(0.5-(1/(2*$B$4))) -> 1.0051831e-05 | G23: =D23*B23 -> 1.4210058 | I23: 15 | J23: =0.098967*I23 -> 1.484505 | K23: =$J$6+(($J$7-$J$6)/(1+($J$3*I23)^$J$4)^$J$5) -> 0.44304682 | L23: =(K23-$J$6)/($J$7-$J$6) -> 0.95290782 | M23: =$J$8*L23^$J$9*(1-(1-L23^(1/$J$5))^$J$5)^2 -> 1.1959078e-06 | N23: =$J$8*((1-(($J$3*I23)^($J$4-1))*(1+($J$3*I23)^$J$4)^(-1+1/$J$4))^2)/(1+($J$3*I23)^$J$4)^(0.5-(1/(2*$J$4))) -> 1.1959078e-06 | O23: =L23*J23 -> 1.4145964 | R23: 8 | S23: -0.8849 | T23: -381.099 | U23: 0.1555 | V23: 8.109e-10 | W23: 8.121e-05 | X23: -2.448e-08 | Y23: 0 | Z23: -1 | AA23: -5.98e-05 | AB23: 20 | AG23: 11 | AH23: -1.061 | AI23: -344.575 | AJ23: 0.1523 | AK23: 5.796e-09 | AL23: 0.0002033 | AM23: -1.554e-07 | AN23: 0 | AO23: -1 | AP23: -0.00246 | AQ23: 20
A24: 17 | B24: =0.098967*A24 -> 1.682439 | C24: =$B$6+(($B$7-$B$6)/(1+($B$3*A24)^$B$4)^$B$5) -> 0.48960713 | D24: =(C24-$B$6)/($B$7-$B$6) -> 0.95026129 | E24: =$B$8*D24^$B$9*(1-(1-D24^(1/$B$5))^$B$5)^2 -> 8.851911e-06 | F24: =$B$8*((1-(($B$3*A24)^($B$4-1))*(1+($B$3*A24)^$B$4)^(-1+1/$B$4))^2)/(1+($B$3*A24)^$B$4)^(0.5-(1/(2*$B$4))) -> 8.851911e-06 | G24: =D24*B24 -> 1.5987567 | I24: 17 | J24: =0.098967*I24 -> 1.682439 | K24: =$J$6+(($J$7-$J$6)/(1+($J$3*I24)^$J$4)^$J$5) -> 0.44021206 | L24: =(K24-$J$6)/($J$7-$J$6) -> 0.94503349 | M24: =$J$8*L24^$J$9*(1-(1-L24^(1/$J$5))^$J$5)^2 -> 1.050187e-06 | N24: =$J$8*((1-(($J$3*I24)^($J$4-1))*(1+($J$3*I24)^$J$4)^(-1+1/$J$4))^2)/(1+($J$3*I24)^$J$4)^(0.5-(1/(2*$J$4))) -> 1.050187e-06 | O24: =L24*J24 -> 1.5899612 | R24: 9 | S24: -1.001 | T24: -384.835 | U24: 0.1551 | V24: 7.72e-10 | W24: 7.971e-05 | X24: -2.805e-08 | Y24: 0 | Z24: -1 | AA24: -6.86e-05 | AB24: 20 | AG24: 12 | AH24: -1.1547 | AI24: -347.144 | AJ24: 0.1518 | AK24: 5.622e-09 | AL24: 0.0002005 | AM24: -1.69e-07 | AN24: 0 | AO24: -1 | AP24: -0.00268 | AQ24: 20
A25: 19 | B25: =0.098967*A25 -> 1.880373 | C25: =$B$6+(($B$7-$B$6)/(1+($B$3*A25)^$B$4)^$B$5) -> 0.48673596 | D25: =(C25-$B$6)/($B$7-$B$6) -> 0.94325843 | E25: =$B$8*D25^$B$9*(1-(1-D25^(1/$B$5))^$B$5)^2 -> 7.8440201e-06 | F25: =$B$8*((1-(($B$3*A25)^($B$4-1))*(1+($B$3*A25)^$B$4)^(-1+1/$B$4))^2)/(1+($B$3*A25)^$B$4)^(0.5-(1/(2*$B$4))) -> 7.8440201e-06 | G25: =D25*B25 -> 1.7736777 | I25: 19 | J25: =0.098967*I25 -> 1.880373 | K25: =$J$6+(($J$7-$J$6)/(1+($J$3*I25)^$J$4)^$J$5) -> 0.43735514 | L25: =(K25-$J$6)/($J$7-$J$6) -> 0.93709761 | M25: =$J$8*L25^$J$9*(1-(1-L25^(1/$J$5))^$J$5)^2 -> 9.2770015e-07 | N25: =$J$8*((1-(($J$3*I25)^($J$4-1))*(1+($J$3*I25)^$J$4)^(-1+1/$J$4))^2)/(1+($J$3*I25)^$J$4)^(0.5-(1/(2*$J$4))) -> 9.2770015e-07 | O25: =L25*J25 -> 1.762093 | R25: 10 | S25: -1.1145 | T25: -389.171 | U25: 0.1548 | V25: 7.514e-10 | W25: 7.864e-05 | X25: -3.114e-08 | Y25: 0 | Z25: -1 | AA25: -7.61e-05 | AB25: 20 | AG25: 13 | AH25: -1.2461 | AI25: -349.959 | AJ25: 0.1513 | AK25: 5.431e-09 | AL25: 0.0001973 | AM25: -1.822e-07 | AN25: 0 | AO25: -1 | AP25: -0.00289 | AQ25: 20
A26: 21 | B26: =0.098967*A26 -> 2.078307 | C26: =$B$6+(($B$7-$B$6)/(1+($B$3*A26)^$B$4)^$B$5) -> 0.48386242 | D26: =(C26-$B$6)/($B$7-$B$6) -> 0.93624982 | E26: =$B$8*D26^$B$9*(1-(1-D26^(1/$B$5))^$B$5)^2 -> 6.9885239e-06 | F26: =$B$8*((1-(($B$3*A26)^($B$4-1))*(1+($B$3*A26)^$B$4)^(-1+1/$B$4))^2)/(1+($B$3*A26)^$B$4)^(0.5-(1/(2*$B$4))) -> 6.9885239e-06 | G26: =D26*B26 -> 1.9458145 | I26: 21 | J26: =0.098967*I26 -> 2.078307 | K26: =$J$6+(($J$7-$J$6)/(1+($J$3*I26)^$J$4)^$J$5) -> 0.43449132 | L26: =(K26-$J$6)/($J$7-$J$6) -> 0.92914255 | M26: =$J$8*L26^$J$9*(1-(1-L26^(1/$J$5))^$J$5)^2 -> 8.2374448e-07 | N26: =$J$8*((1-(($J$3*I26)^($J$4-1))*(1+($J$3*I26)^$J$4)^(-1+1/$J$4))^2)/(1+($J$3*I26)^$J$4)^(0.5-(1/(2*$J$4))) -> 8.2374448e-07 | O26: =L26*J26 -> 1.9310435 | R26: 11 | S26: -1.2254 | T26: -393.907 | U26: 0.1545 | V26: 7.327e-10 | W26: 7.756e-05 | X26: -3.369e-08 | Y26: 0 | Z26: -1 | AA26: -8.23e-05 | AB26: 20 | AG26: 14 | AH26: -1.3352 | AI26: -353.03 | AJ26: 0.1507 | AK26: 5.224e-09 | AL26: 0.0001939 | AM26: -1.952e-07 | AN26: 0 | AO26: -1 | AP26: -0.0031 | AQ26: 20
A27: 23 | B27: =0.098967*A27 -> 2.276241 | C27: =$B$6+(($B$7-$B$6)/(1+($B$3*A27)^$B$4)^$B$5) -> 0.4809973 | D27: =(C27-$B$6)/($B$7-$B$6) -> 0.92926172 | E27: =$B$8*D27^$B$9*(1-(1-D27^(1/$B$5))^$B$5)^2 -> 6.2560275e-06 | F27: =$B$8*((1-(($B$3*A27)^($B$4-1))*(1+($B$3*A27)^$B$4)^(-1+1/$B$4))^2)/(1+($B$3*A27)^$B$4)^(0.5-(1/(2*$B$4))) -> 6.2560275e-06 | G27: =D27*B27 -> 2.1152236 | I27: 23 | J27: =0.098967*I27 -> 2.276241 | K27: =$J$6+(($J$7-$J$6)/(1+($J$3*I27)^$J$4)^$J$5) -> 0.4316328 | L27: =(K27-$J$6)/($J$7-$J$6) -> 0.92120223 | M27: =$J$8*L27^$J$9*(1-(1-L27^(1/$J$5))^$J$5)^2 -> 7.3480185e-07 | N27: =$J$8*((1-(($J$3*I27)^($J$4-1))*(1+($J$3*I27)^$J$4)^(-1+1/$J$4))^2)/(1+($J$3*I27)^$J$4)^(0.5-(1/(2*$J$4))) -> 7.3480185e-07 | O27: =L27*J27 -> 2.0968783 | R27: 12 | S27: -1.3336 | T27: -399.039 | U27: 0.1541 | V27: 7.124e-10 | W27: 7.64e-05 | X27: -3.619e-08 | Y27: 0 | Z27: -1 | AA27: -8.85e-05 | AB27: 20 | AG27: 15 | AH27: -1.4221 | AI27: -356.373 | AJ27: 0.15 | AK27: 4.997e-09 | AL27: 0.0001902 | AM27: -2.08e-07 | AN27: 0 | AO27: -1 | AP27: -0.0033 | AQ27: 20
... A63: 1300 | B63: =0.098967*A63 -> 128.6571 | C63: =$B$6+(($B$7-$B$6)/(1+($B$3*A63)^$B$4)^$B$5) -> 0.23300434 | D63: =(C63-$B$6)/($B$7-$B$6) -> 0.32440083 | E63: =$B$8*D63^$B$9*(1-(1-D63^(1/$B$5))^$B$5)^2 -> 4.5778337e-10 | F63: =$B$8*((1-(($B$3*A63)^($B$4-1))*(1+($B$3*A63)^$B$4)^(-1+1/$B$4))^2)/(1+($B$3*A63)^$B$4)^(0.5-(1/(2*$B$4))) -> 4.5778337e-10 | G63: =D63*B63 -> 41.736469 | I63: 1650 | J63: =0.098967*I63 -> 163.29555 | K63: =$J$6+(($J$7-$J$6)/(1+($J$3*I63)^$J$4)^$J$5) -> 0.19186317 | L63: =(K63-$J$6)/($J$7-$J$6) -> 0.25517547 | M63: =$J$8*L63^$J$9*(1-(1-L63^(1/$J$5))^$J$5)^2 -> 1.7734397e-11 | N63: =$J$8*((1-(($J$3*I63)^($J$4-1))*(1+($J$3*I63)^$J$4)^(-1+1/$J$4))^2)/(1+($J$3*I63)^$J$4)^(0.5-(1/(2*$J$4))) -> 1.7734397e-11 | O63: =L63*J63 -> 41.669019 | R63: 48 | S63: -3.5075 | T63: -2757.93 | U63: 0.1157 | V63: 1.611e-12 | W63: 4.529e-06 | X63: -8.261e-08 | Y63: 0 | Z63: -1 | AA63: -0.000202 | AB63: 20 | AG63: 51 | AH63: -3.3375 | AI63: -2859.95 | AJ63: 0.3392 | AK63: 2.46e-07 | AL63: 1.771e-06 | AM63: -3.953e-07 | AN63: 0 | AO63: -1 | AP63: -0.00627 | AQ63: 20
A64: 1350 | B64: =0.098967*A64 -> 133.60545 | C64: =$B$6+(($B$7-$B$6)/(1+($B$3*A64)^$B$4)^$B$5) -> 0.23128102 | D64: =(C64-$B$6)/($B$7-$B$6) -> 0.3201976 | E64: =$B$8*D64^$B$9*(1-(1-D64^(1/$B$5))^$B$5)^2 -> 4.1108153e-10 | F64: =$B$8*((1-(($B$3*A64)^($B$4-1))*(1+($B$3*A64)^$B$4)^(-1+1/$B$4))^2)/(1+($B$3*A64)^$B$4)^(0.5-(1/(2*$B$4))) -> 4.1108153e-10 | G64: =D64*B64 -> 42.780145 | I64: 1700 | J64: =0.098967*I64 -> 168.2439 | K64: =$J$6+(($J$7-$J$6)/(1+($J$3*I64)^$J$4)^$J$5) -> 0.1908078 | L64: =(K64-$J$6)/($J$7-$J$6) -> 0.2522439 | M64: =$J$8*L64^$J$9*(1-(1-L64^(1/$J$5))^$J$5)^2 -> 1.6234491e-11 | N64: =$J$8*((1-(($J$3*I64)^($J$4-1))*(1+($J$3*I64)^$J$4)^(-1+1/$J$4))^2)/(1+($J$3*I64)^$J$4)^(0.5-(1/(2*$J$4))) -> 1.6234491e-11 | O64: =L64*J64 -> 42.438498 | R64: 49 | S64: -3.52 | T64: -2757.933 | U64: 0.3394 | V64: 1.342e-07 | W64: 1.469e-06 | X64: -8.243e-08 | Y64: 0 | Z64: -1 | AA64: -0.000202 | AB64: 20 | AG64: end
A65: 1400 | B65: =0.098967*A65 -> 138.5538 | C65: =$B$6+(($B$7-$B$6)/(1+($B$3*A65)^$B$4)^$B$5) -> 0.2296405 | D65: =(C65-$B$6)/($B$7-$B$6) -> 0.31619633 | E65: =$B$8*D65^$B$9*(1-(1-D65^(1/$B$5))^$B$5)^2 -> 3.7057617e-10 | F65: =$B$8*((1-(($B$3*A65)^($B$4-1))*(1+($B$3*A65)^$B$4)^(-1+1/$B$4))^2)/(1+($B$3*A65)^$B$4)^(0.5-(1/(2*$B$4))) -> 3.7057617e-10 | G65: =D65*B65 -> 43.810203 | I65: 1750 | J65: =0.098967*I65 -> 173.19225 | K65: =$J$6+(($J$7-$J$6)/(1+($J$3*I65)^$J$4)^$J$5) -> 0.18979433 | L65: =(K65-$J$6)/($J$7-$J$6) -> 0.24942871 | M65: =$J$8*L65^$J$9*(1-(1-L65^(1/$J$5))^$J$5)^2 -> 1.4899306e-11 | N65: =$J$8*((1-(($J$3*I65)^($J$4-1))*(1+($J$3*I65)^$J$4)^(-1+1/$J$4))^2)/(1+($J$3*I65)^$J$4)^(0.5-(1/(2*$J$4))) -> 1.4899306e-11 | O65: =L65*J65 -> 43.199119 | R65: 50 | S65: -3.6788 | T65: -2757.871 | U65: 0.3394 | V65: 1.342e-07 | W65: 1.469e-06 | X65: -8.24e-08 | Y65: 0 | Z65: -1 | AA65: -0.000201 | AB65: 20
A66: 1450 | B66: =0.098967*A66 -> 143.50215 | C66: =$B$6+(($B$7-$B$6)/(1+($B$3*A66)^$B$4)^$B$5) -> 0.2280761 | D66: =(C66-$B$6)/($B$7-$B$6) -> 0.31238073 | E66: =$B$8*D66^$B$9*(1-(1-D66^(1/$B$5))^$B$5)^2 -> 3.3526788e-10 | F66: =$B$8*((1-(($B$3*A66)^($B$4-1))*(1+($B$3*A66)^$B$4)^(-1+1/$B$4))^2)/(1+($B$3*A66)^$B$4)^(0.5-(1/(2*$B$4))) -> 3.3526788e-10 | G66: =D66*B66 -> 44.827307 | I66: 1800 | J66: =0.098967*I66 -> 178.1406 | K66: =$J$6+(($J$7-$J$6)/(1+($J$3*I66)^$J$4)^$J$5) -> 0.18881998 | L66: =(K66-$J$6)/($J$7-$J$6) -> 0.24672217 | M66: =$J$8*L66^$J$9*(1-(1-L66^(1/$J$5))^$J$5)^2 -> 1.3706819e-11 | N66: =$J$8*((1-(($J$3*I66)^($J$4-1))*(1+($J$3*I66)^$J$4)^(-1+1/$J$4))^2)/(1+($J$3*I66)^$J$4)^(0.5-(1/(2*$J$4))) -> 1.3706819e-11 | O66: =L66*J66 -> 43.951235 | R66: 51 | S66: -3.8375 | T66: -2757.81 | U66: 0.3394 | V66: 1.342e-07 | W66: 1.469e-06 | X66: -8.24e-08 | Y66: 0 | Z66: -1 | AA66: -0.000201 | AB66: 20
A67: 1500 | B67: =0.098967*A67 -> 148.4505 | C67: =$B$6+(($B$7-$B$6)/(1+($B$3*A67)^$B$4)^$B$5) -> 0.2265819 | D67: =(C67-$B$6)/($B$7-$B$6) -> 0.30873634 | E67: =$B$8*D67^$B$9*(1-(1-D67^(1/$B$5))^$B$5)^2 -> 3.043452e-10 | F67: =$B$8*((1-(($B$3*A67)^($B$4-1))*(1+($B$3*A67)^$B$4)^(-1+1/$B$4))^2)/(1+($B$3*A67)^$B$4)^(0.5-(1/(2*$B$4))) -> 3.043452e-10 | G67: =D67*B67 -> 45.832064 | I67: 1850 | J67: =0.098967*I67 -> 183.08895 | K67: =$J$6+(($J$7-$J$6)/(1+($J$3*I67)^$J$4)^$J$5) -> 0.18788222 | L67: =(K67-$J$6)/($J$7-$J$6) -> 0.24411729 | M67: =$J$8*L67^$J$9*(1-(1-L67^(1/$J$5))^$J$5)^2 -> 1.2638452e-11 | N67: =$J$8*((1-(($J$3*I67)^($J$4-1))*(1+($J$3*I67)^$J$4)^(-1+1/$J$4))^2)/(1+($J$3*I67)^$J$4)^(0.5-(1/(2*$J$4))) -> 1.2638452e-11 | O67: =L67*J67 -> 44.695178 | R67: end
A68: 1550 | B68: =0.098967*A68 -> 153.39885 | C68: =$B$6+(($B$7-$B$6)/(1+($B$3*A68)^$B$4)^$B$5) -> 0.22515259 | D68: =(C68-$B$6)/($B$7-$B$6) -> 0.30525023 | E68: =$B$8*D68^$B$9*(1-(1-D68^(1/$B$5))^$B$5)^2 -> 2.771445e-10 | F68: =$B$8*((1-(($B$3*A68)^($B$4-1))*(1+($B$3*A68)^$B$4)^(-1+1/$B$4))^2)/(1+($B$3*A68)^$B$4)^(0.5-(1/(2*$B$4))) -> 2.771445e-10 | G68: =D68*B68 -> 46.825034 | I68: 1900 | J68: =0.098967*I68 -> 188.0373 | K68: =$J$6+(($J$7-$J$6)/(1+($J$3*I68)^$J$4)^$J$5) -> 0.18697876 | L68: =(K68-$J$6)/($J$7-$J$6) -> 0.24160768 | M68: =$J$8*L68^$J$9*(1-(1-L68^(1/$J$5))^$J$5)^2 -> 1.1678455e-11 | N68: =$J$8*((1-(($J$3*I68)^($J$4-1))*(1+($J$3*I68)^$J$4)^(-1+1/$J$4))^2)/(1+($J$3*I68)^$J$4)^(0.5-(1/(2*$J$4))) -> 1.1678455e-11 | O68: =L68*J68 -> 45.431255
A69: 1600 | B69: =0.098967*A69 -> 158.3472 | C69: =$B$6+(($B$7-$B$6)/(1+($B$3*A69)^$B$4)^$B$5) -> 0.22378344 | D69: =(C69-$B$6)/($B$7-$B$6) -> 0.30191084 | E69: =$B$8*D69^$B$9*(1-(1-D69^(1/$B$5))^$B$5)^2 -> 2.531195e-10 | F69: =$B$8*((1-(($B$3*A69)^($B$4-1))*(1+($B$3*A69)^$B$4)^(-1+1/$B$4))^2)/(1+($B$3*A69)^$B$4)^(0.5-(1/(2*$B$4))) -> 2.531195e-10 | G69: =D69*B69 -> 47.806736 | I69: 1950 | J69: =0.098967*I69 -> 192.98565 | K69: =$J$6+(($J$7-$J$6)/(1+($J$3*I69)^$J$4)^$J$5) -> 0.1861075 | L69: =(K69-$J$6)/($J$7-$J$6) -> 0.2391875 | M69: =$J$8*L69^$J$9*(1-(1-L69^(1/$J$5))^$J$5)^2 -> 1.0813418e-11 | N69: =$J$8*((1-(($J$3*I69)^($J$4-1))*(1+($J$3*I69)^$J$4)^(-1+1/$J$4))^2)/(1+($J$3*I69)^$J$4)^(0.5-(1/(2*$J$4))) -> 1.0813418e-11 | O69: =L69*J69 -> 46.159756
A70: 1650 | B70: =0.098967*A70 -> 163.29555 | C70: =$B$6+(($B$7-$B$6)/(1+($B$3*A70)^$B$4)^$B$5) -> 0.22247018 | D70: =(C70-$B$6)/($B$7-$B$6) -> 0.29870775 | E70: =$B$8*D70^$B$9*(1-(1-D70^(1/$B$5))^$B$5)^2 -> 2.3181765e-10 | F70: =$B$8*((1-(($B$3*A70)^($B$4-1))*(1+($B$3*A70)^$B$4)^(-1+1/$B$4))^2)/(1+($B$3*A70)^$B$4)^(0.5-(1/(2*$B$4))) -> 2.3181765e-10 | G70: =D70*B70 -> 48.777647 | I70: 2000 | J70: =0.098967*I70 -> 197.934 | K70: =$J$6+(($J$7-$J$6)/(1+($J$3*I70)^$J$4)^$J$5) -> 0.18526652 | L70: =(K70-$J$6)/($J$7-$J$6) -> 0.23685143 | M70: =$J$8*L70^$J$9*(1-(1-L70^(1/$J$5))^$J$5)^2 -> 1.0031875e-11 | N70: =$J$8*((1-(($J$3*I70)^($J$4-1))*(1+($J$3*I70)^$J$4)^(-1+1/$J$4))^2)/(1+($J$3*I70)^$J$4)^(0.5-(1/(2*$J$4))) -> 1.0031875e-11 | O70: =L70*J70 -> 46.880952
A71: 1700 | B71: =0.098967*A71 -> 168.2439 | C71: =$B$6+(($B$7-$B$6)/(1+($B$3*A71)^$B$4)^$B$5) -> 0.22120895 | D71: =(C71-$B$6)/($B$7-$B$6) -> 0.29563159 | E71: =$B$8*D71^$B$9*(1-(1-D71^(1/$B$5))^$B$5)^2 -> 2.1286188e-10 | F71: =$B$8*((1-(($B$3*A71)^($B$4-1))*(1+($B$3*A71)^$B$4)^(-1+1/$B$4))^2)/(1+($B$3*A71)^$B$4)^(0.5-(1/(2*$B$4))) -> 2.1286188e-10 | G71: =D71*B71 -> 49.738212 | I71: 2050 | J71: =0.098967*I71 -> 202.88235 | K71: =$J$6+(($J$7-$J$6)/(1+($J$3*I71)^$J$4)^$J$5) -> 0.18445404 | L71: =(K71-$J$6)/($J$7-$J$6) -> 0.23459457 | M71: =$J$8*L71^$J$9*(1-(1-L71^(1/$J$5))^$J$5)^2 -> 9.3239828e-12 | N71: =$J$8*((1-(($J$3*I71)^($J$4-1))*(1+($J$3*I71)^$J$4)^(-1+1/$J$4))^2)/(1+($J$3*I71)^$J$4)^(0.5-(1/(2*$J$4))) -> 9.3239828e-12 | O71: =L71*J71 -> 47.595097
A72: 1750 | B72: =0.098967*A72 -> 173.19225 | C72: =$B$6+(($B$7-$B$6)/(1+($B$3*A72)^$B$4)^$B$5) -> 0.21999628 | D72: =(C72-$B$6)/($B$7-$B$6) -> 0.29267386 | E72: =$B$8*D72^$B$9*(1-(1-D72^(1/$B$5))^$B$5)^2 -> 1.9593627e-10 | F72: =$B$8*((1-(($B$3*A72)^($B$4-1))*(1+($B$3*A72)^$B$4)^(-1+1/$B$4))^2)/(1+($B$3*A72)^$B$4)^(0.5-(1/(2*$B$4))) -> 1.9593627e-10 | G72: =D72*B72 -> 50.688844 | I72: 2100 | J72: =0.098967*I72 -> 207.8307 | K72: =$J$6+(($J$7-$J$6)/(1+($J$3*I72)^$J$4)^$J$5) -> 0.18366847 | L72: =(K72-$J$6)/($J$7-$J$6) -> 0.23241241 | M72: =$J$8*L72^$J$9*(1-(1-L72^(1/$J$5))^$J$5)^2 -> 8.6812589e-12 | N72: =$J$8*((1-(($J$3*I72)^($J$4-1))*(1+($J$3*I72)^$J$4)^(-1+1/$J$4))^2)/(1+($J$3*I72)^$J$4)^(0.5-(1/(2*$J$4))) -> 8.6812589e-12 | O72: =L72*J72 -> 48.302433
A73: 1800 | B73: =0.098967*A73 -> 178.1406 | C73: =$B$6+(($B$7-$B$6)/(1+($B$3*A73)^$B$4)^$B$5) -> 0.21882901 | D73: =(C73-$B$6)/($B$7-$B$6) -> 0.28982686 | E73: =$B$8*D73^$B$9*(1-(1-D73^(1/$B$5))^$B$5)^2 -> 1.8077478e-10 | F73: =$B$8*((1-(($B$3*A73)^($B$4-1))*(1+($B$3*A73)^$B$4)^(-1+1/$B$4))^2)/(1+($B$3*A73)^$B$4)^(0.5-(1/(2*$B$4))) -> 1.8077478e-10 | G73: =D73*B73 -> 51.62993 | I73: 2150 | J73: =0.098967*I73 -> 212.77905 | K73: =$J$6+(($J$7-$J$6)/(1+($J$3*I73)^$J$4)^$J$5) -> 0.18290829 | L73: =(K73-$J$6)/($J$7-$J$6) -> 0.2303008 | M73: =$J$8*L73^$J$9*(1-(1-L73^(1/$J$5))^$J$5)^2 -> 8.0963674e-12 | N73: =$J$8*((1-(($J$3*I73)^($J$4-1))*(1+($J$3*I73)^$J$4)^(-1+1/$J$4))^2)/(1+($J$3*I73)^$J$4)^(0.5-(1/(2*$J$4))) -> 8.0963674e-12 | O73: =L73*J73 -> 49.003186
A74: 1850 | B74: =0.098967*A74 -> 183.08895 | C74: =$B$6+(($B$7-$B$6)/(1+($B$3*A74)^$B$4)^$B$5) -> 0.21770426 | D74: =(C74-$B$6)/($B$7-$B$6) -> 0.28708357 | E74: =$B$8*D74^$B$9*(1-(1-D74^(1/$B$5))^$B$5)^2 -> 1.6715226e-10 | F74: =$B$8*((1-(($B$3*A74)^($B$4-1))*(1+($B$3*A74)^$B$4)^(-1+1/$B$4))^2)/(1+($B$3*A74)^$B$4)^(0.5-(1/(2*$B$4))) -> 1.6715226e-10 | G74: =D74*B74 -> 52.561829 | I74: 2200 | J74: =0.098967*I74 -> 217.7274 | K74: =$J$6+(($J$7-$J$6)/(1+($J$3*I74)^$J$4)^$J$5) -> 0.18217213 | L74: =(K74-$J$6)/($J$7-$J$6) -> 0.22825592 | M74: =$J$8*L74^$J$9*(1-(1-L74^(1/$J$5))^$J$5)^2 -> 7.5629418e-12 | N74: =$J$8*((1-(($J$3*I74)^($J$4-1))*(1+($J$3*I74)^$J$4)^(-1+1/$J$4))^2)/(1+($J$3*I74)^$J$4)^(0.5-(1/(2*$J$4))) -> 7.5629418e-12 | O74: =L74*J74 -> 49.697568
A75: 1900 | B75: =0.098967*A75 -> 188.0373 | C75: =$B$6+(($B$7-$B$6)/(1+($B$3*A75)^$B$4)^$B$5) -> 0.21661942 | D75: =(C75-$B$6)/($B$7-$B$6) -> 0.2844376 | E75: =$B$8*D75^$B$9*(1-(1-D75^(1/$B$5))^$B$5)^2 -> 1.5487727e-10 | F75: =$B$8*((1-(($B$3*A75)^($B$4-1))*(1+($B$3*A75)^$B$4)^(-1+1/$B$4))^2)/(1+($B$3*A75)^$B$4)^(0.5-(1/(2*$B$4))) -> 1.5487727e-10 | G75: =D75*B75 -> 53.484878 | I75: 2250 | J75: =0.098967*I75 -> 222.67575 | K75: =$J$6+(($J$7-$J$6)/(1+($J$3*I75)^$J$4)^$J$5) -> 0.18145872 | L75: =(K75-$J$6)/($J$7-$J$6) -> 0.22627422 | M75: =$J$8*L75^$J$9*(1-(1-L75^(1/$J$5))^$J$5)^2 -> 7.075439e-12 | N75: =$J$8*((1-(($J$3*I75)^($J$4-1))*(1+($J$3*I75)^$J$4)^(-1+1/$J$4))^2)/(1+($J$3*I75)^$J$4)^(0.5-(1/(2*$J$4))) -> 7.075439e-12 | O75: =L75*J75 -> 50.385782
A76: 1950 | B76: =0.098967*A76 -> 192.98565 | C76: =$B$6+(($B$7-$B$6)/(1+($B$3*A76)^$B$4)^$B$5) -> 0.21557207 | D76: =(C76-$B$6)/($B$7-$B$6) -> 0.28188311 | E76: =$B$8*D76^$B$9*(1-(1-D76^(1/$B$5))^$B$5)^2 -> 1.4378639e-10 | F76: =$B$8*((1-(($B$3*A76)^($B$4-1))*(1+($B$3*A76)^$B$4)^(-1+1/$B$4))^2)/(1+($B$3*A76)^$B$4)^(0.5-(1/(2*$B$4))) -> 1.4378639e-10 | G76: =D76*B76 -> 54.399395 | I76: 2300 | J76: =0.098967*I76 -> 227.6241 | K76: =$J$6+(($J$7-$J$6)/(1+($J$3*I76)^$J$4)^$J$5) -> 0.18076688 | L76: =(K76-$J$6)/($J$7-$J$6) -> 0.22435243 | M76: =$J$8*L76^$J$9*(1-(1-L76^(1/$J$5))^$J$5)^2 -> 6.6290173e-12 | N76: =$J$8*((1-(($J$3*I76)^($J$4-1))*(1+($J$3*I76)^$J$4)^(-1+1/$J$4))^2)/(1+($J$3*I76)^$J$4)^(0.5-(1/(2*$J$4))) -> 6.6290173e-12 | O76: =L76*J76 -> 51.06802
A77: 2000 | B77: =0.098967*A77 -> 197.934 | C77: =$B$6+(($B$7-$B$6)/(1+($B$3*A77)^$B$4)^$B$5) -> 0.21456004 | D77: =(C77-$B$6)/($B$7-$B$6) -> 0.27941473 | E77: =$B$8*D77^$B$9*(1-(1-D77^(1/$B$5))^$B$5)^2 -> 1.3373945e-10 | F77: =$B$8*((1-(($B$3*A77)^($B$4-1))*(1+($B$3*A77)^$B$4)^(-1+1/$B$4))^2)/(1+($B$3*A77)^$B$4)^(0.5-(1/(2*$B$4))) -> 1.3373945e-10 | G77: =D77*B77 -> 55.305675 | I77: 2350 | J77: =0.098967*I77 -> 232.57245 | K77: =$J$6+(($J$7-$J$6)/(1+($J$3*I77)^$J$4)^$J$5) -> 0.1800955 | L77: =(K77-$J$6)/($J$7-$J$6) -> 0.2224875 | M77: =$J$8*L77^$J$9*(1-(1-L77^(1/$J$5))^$J$5)^2 -> 6.2194352e-12 | N77: =$J$8*((1-(($J$3*I77)^($J$4-1))*(1+($J$3*I77)^$J$4)^(-1+1/$J$4))^2)/(1+($J$3*I77)^$J$4)^(0.5-(1/(2*$J$4))) -> 6.2194352e-12 | O77: =L77*J77 -> 51.744462
A78: 2050 | B78: =0.098967*A78 -> 202.88235 | C78: =$B$6+(($B$7-$B$6)/(1+($B$3*A78)^$B$4)^$B$5) -> 0.21358129 | D78: =(C78-$B$6)/($B$7-$B$6) -> 0.27702754 | E78: =$B$8*D78^$B$9*(1-(1-D78^(1/$B$5))^$B$5)^2 -> 1.2461582e-10 | F78: =$B$8*((1-(($B$3*A78)^($B$4-1))*(1+($B$3*A78)^$B$4)^(-1+1/$B$4))^2)/(1+($B$3*A78)^$B$4)^(0.5-(1/(2*$B$4))) -> 1.2461582e-10 | G78: =D78*B78 -> 56.203998 | I78: 2400 | J78: =0.098967*I78 -> 237.5208 | K78: =$J$6+(($J$7-$J$6)/(1+($J$3*I78)^$J$4)^$J$5) -> 0.17944357 | L78: =(K78-$J$6)/($J$7-$J$6) -> 0.2206766 | M78: =$J$8*L78^$J$9*(1-(1-L78^(1/$J$5))^$J$5)^2 -> 5.8429666e-12 | N78: =$J$8*((1-(($J$3*I78)^($J$4-1))*(1+($J$3*I78)^$J$4)^(-1+1/$J$4))^2)/(1+($J$3*I78)^$J$4)^(0.5-(1/(2*$J$4))) -> 5.8429666e-12 | O78: =L78*J78 -> 52.415281
A79: 2100 | B79: =0.098967*A79 -> 207.8307 | C79: =$B$6+(($B$7-$B$6)/(1+($B$3*A79)^$B$4)^$B$5) -> 0.21263397 | D79: =(C79-$B$6)/($B$7-$B$6) -> 0.274717 | E79: =$B$8*D79^$B$9*(1-(1-D79^(1/$B$5))^$B$5)^2 -> 1.1631126e-10 | F79: =$B$8*((1-(($B$3*A79)^($B$4-1))*(1+($B$3*A79)^$B$4)^(-1+1/$B$4))^2)/(1+($B$3*A79)^$B$4)^(0.5-(1/(2*$B$4))) -> 1.1631126e-10 | G79: =D79*B79 -> 57.094627 | I79: 2450 | J79: =0.098967*I79 -> 242.46915 | K79: =$J$6+(($J$7-$J$6)/(1+($J$3*I79)^$J$4)^$J$5) -> 0.17881015 | L79: =(K79-$J$6)/($J$7-$J$6) -> 0.21891709 | M79: =$J$8*L79^$J$9*(1-(1-L79^(1/$J$5))^$J$5)^2 -> 5.4963285e-12 | N79: =$J$8*((1-(($J$3*I79)^($J$4-1))*(1+($J$3*I79)^$J$4)^(-1+1/$J$4))^2)/(1+($J$3*I79)^$J$4)^(0.5-(1/(2*$J$4))) -> 5.4963285e-12 | O79: =L79*J79 -> 53.08064
... A147: 300000 | B147: =0.098967*A147 -> 29690.1 | C147: =$B$6+(($B$7-$B$6)/(1+($B$3*A147)^$B$4)^$B$5) -> 0.11987132 | D147: =(C147-$B$6)/($B$7-$B$6) -> 0.048466632 | E147: =$B$8*D147^$B$9*(1-(1-D147^(1/$B$5))^$B$5)^2 -> 7.4889555e-17 | F147: =$B$8*((1-(($B$3*A147)^($B$4-1))*(1+($B$3*A147)^$B$4)^(-1+1/$B$4))^2)/(1+($B$3*A147)^$B$4)^(0.5-(1/(2*$B$4))) -> 7.4889555e-17 | G147: =D147*B147 -> 1438.9792 | I147: 1000000 | J147: =0.098967*I147 -> 98967 | K147: =$J$6+(($J$7-$J$6)/(1+($J$3*I147)^$J$4)^$J$5) -> 0.1075666 | L147: =(K147-$J$6)/($J$7-$J$6) -> 0.021018328 | M147: =$J$8*L147^$J$9*(1-(1-L147^(1/$J$5))^$J$5)^2 -> 9.4535732e-20 | N147: =$J$8*((1-(($J$3*I147)^($J$4-1))*(1+($J$3*I147)^$J$4)^(-1+1/$J$4))^2)/(1+($J$3*I147)^$J$4)^(0.5-(1/(2*$J$4))) -> 9.4535732e-20 | O147: =L147*J147 -> 2080.1209
A148: 400000 | B148: =0.098967*A148 -> 39586.8 | C148: =$B$6+(($B$7-$B$6)/(1+($B$3*A148)^$B$4)^$B$5) -> 0.11796795 | D148: =(C148-$B$6)/($B$7-$B$6) -> 0.04382426 | E148: =$B$8*D148^$B$9*(1-(1-D148^(1/$B$5))^$B$5)^2 -> 3.275096e-17 | F148: =$B$8*((1-(($B$3*A148)^($B$4-1))*(1+($B$3*A148)^$B$4)^(-1+1/$B$4))^2)/(1+($B$3*A148)^$B$4)^(0.5-(1/(2*$B$4))) -> 3.275096e-17 | G148: =D148*B148 -> 1734.8622
A149: 500000 | B149: =0.098967*A149 -> 49483.5 | C149: =$B$6+(($B$7-$B$6)/(1+($B$3*A149)^$B$4)^$B$5) -> 0.11661805 | D149: =(C149-$B$6)/($B$7-$B$6) -> 0.040531834 | E149: =$B$8*D149^$B$9*(1-(1-D149^(1/$B$5))^$B$5)^2 -> 1.7242834e-17 | F149: =$B$8*((1-(($B$3*A149)^($B$4-1))*(1+($B$3*A149)^$B$4)^(-1+1/$B$4))^2)/(1+($B$3*A149)^$B$4)^(0.5-(1/(2*$B$4))) -> 1.7242834e-17 | G149: =D149*B149 -> 2005.657
A150: 600000 | B150: =0.098967*A150 -> 59380.2 | C150: =$B$6+(($B$7-$B$6)/(1+($B$3*A150)^$B$4)^$B$5) -> 0.11559074 | D150: =(C150-$B$6)/($B$7-$B$6) -> 0.0380262 | E150: =$B$8*D150^$B$9*(1-(1-D150^(1/$B$5))^$B$5)^2 -> 1.0208528e-17 | F150: =$B$8*((1-(($B$3*A150)^($B$4-1))*(1+($B$3*A150)^$B$4)^(-1+1/$B$4))^2)/(1+($B$3*A150)^$B$4)^(0.5-(1/(2*$B$4))) -> 1.0208528e-17 | G150: =D150*B150 -> 2258.0034
A151: 700000 | B151: =0.098967*A151 -> 69276.9 | C151: =$B$6+(($B$7-$B$6)/(1+($B$3*A151)^$B$4)^$B$5) -> 0.11477187 | D151: =(C151-$B$6)/($B$7-$B$6) -> 0.036028951 | E151: =$B$8*D151^$B$9*(1-(1-D151^(1/$B$5))^$B$5)^2 -> 6.5537744e-18 | F151: =$B$8*((1-(($B$3*A151)^($B$4-1))*(1+($B$3*A151)^$B$4)^(-1+1/$B$4))^2)/(1+($B$3*A151)^$B$4)^(0.5-(1/(2*$B$4))) -> 6.5537744e-18 | G151: =D151*B151 -> 2495.9741
A152: 800000 | B152: =0.098967*A152 -> 79173.6 | C152: =$B$6+(($B$7-$B$6)/(1+($B$3*A152)^$B$4)^$B$5) -> 0.11409738 | D152: =(C152-$B$6)/($B$7-$B$6) -> 0.034383849 | E152: =$B$8*D152^$B$9*(1-(1-D152^(1/$B$5))^$B$5)^2 -> 4.4644186e-18 | F152: =$B$8*((1-(($B$3*A152)^($B$4-1))*(1+($B$3*A152)^$B$4)^(-1+1/$B$4))^2)/(1+($B$3*A152)^$B$4)^(0.5-(1/(2*$B$4))) -> 4.4644186e-18 | G152: =D152*B152 -> 2722.2931
A153: 900000 | B153: =0.098967*A153 -> 89070.3 | C153: =$B$6+(($B$7-$B$6)/(1+($B$3*A153)^$B$4)^$B$5) -> 0.11352804 | D153: =(C153-$B$6)/($B$7-$B$6) -> 0.032995229 | E153: =$B$8*D153^$B$9*(1-(1-D153^(1/$B$5))^$B$5)^2 -> 3.1820105e-18 | F153: =$B$8*((1-(($B$3*A153)^($B$4-1))*(1+($B$3*A153)^$B$4)^(-1+1/$B$4))^2)/(1+($B$3*A153)^$B$4)^(0.5-(1/(2*$B$4))) -> 3.1820105e-18 | G153: =D153*B153 -> 2938.8949
A154: 1000000 | B154: =0.098967*A154 -> 98967 | C154: =$B$6+(($B$7-$B$6)/(1+($B$3*A154)^$B$4)^$B$5) -> 0.11303827 | D154: =(C154-$B$6)/($B$7-$B$6) -> 0.031800654 | E154: =$B$8*D154^$B$9*(1-(1-D154^(1/$B$5))^$B$5)^2 -> 2.350439e-18 | F154: =$B$8*((1-(($B$3*A154)^($B$4-1))*(1+($B$3*A154)^$B$4)^(-1+1/$B$4))^2)/(1+($B$3*A154)^$B$4)^(0.5-(1/(2*$B$4))) -> 2.350439e-18 | G154: =D154*B154 -> 3147.2153

Sheet SWR_ELTz042
A1: Van Genuchten parameters | I1: Van Genuchten parameters
A2: DRYING | I2: WETTING
A3: a (1/cm) = | B3: 0.016 | C3: =B3*10.19 -> 0.16304 | D3: =1/C3 -> 6.1334642 | I3: a = | J3: 0.07 | K3: =J3*10.19 -> 0.7133 | L3: =1/K3 -> 1.4019347
A4: n = | B4: 1.6 | I4: n = | J4: 1.39
A5: m= | B5: =1-1/B4 -> 0.375 | I5: m= | J5: =1-1/J4 -> 0.28057554
A6: qr = | B6: 0.1 | I6: qr = | J6: 0.1
A7: qs = | B7: 0.5 | I7: qs = | J7: 0.46
A8: ksat (cm/sec)= | B8: 3.59e-05 | I8: ksat (cm/sec)= | J8: 9.5e-06
A9: l= | B9: 0.5 | I9: l= | J9: 0.5
A11: HCCC obtained with Van Genuchten-Mualem model | I11: HCCC obtained with Van Genuchten-Mualem model
A13: Suction (cm) | B13: Suction (kPa) | C13: q | D13: Se | E13: k (cm/s) | G13: Suction stress (kPa) | I13: Suction (cm) | J13: Suction (kPa) | K13: q | L13: Se | M13: k (cm/s) | O13: Suction stress (kPa) | R13: Node | S13: Depth | T13: Head M | U13: oisture | V13: K | W13: C | X13: Flux | Y13: Sink | Z13: Kappa | AA13: v/KsTop | AB13: Temp | AG13: 1 | AH13: 0 | AI13: -332.332 | AJ13: 0.1548 | AK13: 6.625e-09 | AL13: 0.0002169 | AM13: 1.06e-12 | AN13: 0 | AO13: -1 | AP13: 1.68e-08 | AQ13: 20
A14: 1 | B14: =0.098967*A14 -> 0.098967 | C14: =$B$6+(($B$7-$B$6)/(1+($B$3*A14)^$B$4)^$B$5) -> 0.49979942 | D14: =(C14-$B$6)/($B$7-$B$6) -> 0.99949855 | E14: =$B$8*D14^$B$9*(1-(1-D14^(1/$B$5))^$B$5)^2 -> 3.0140257e-05 | F14: =$B$8*((1-(($B$3*A14)^($B$4-1))*(1+($B$3*A14)^$B$4)^(-1+1/$B$4))^2)/(1+($B$3*A14)^$B$4)^(0.5-(1/(2*$B$4))) -> 3.0140257e-05 | G14: =D14*B14 -> 0.098917373 | I14: 1 | J14: =0.098967*I14 -> 0.098967 | K14: =$J$6+(($J$7-$J$6)/(1+($J$3*I14)^$J$4)^$J$5) -> 0.45753275 | L14: =(K14-$J$6)/($J$7-$J$6) -> 0.99314653 | M14: =$J$8*L14^$J$9*(1-(1-L14^(1/$J$5))^$J$5)^2 -> 3.9748092e-06 | N14: =$J$8*((1-(($J$3*I14)^($J$4-1))*(1+($J$3*I14)^$J$4)^(-1+1/$J$4))^2)/(1+($J$3*I14)^$J$4)^(0.5-(1/(2*$J$4))) -> 3.9748092e-06 | O14: =L14*J14 -> 0.098288733 | S14: [L] | T14: [L] | U14: [-] | V14: [L/T] | W14: [1/L] | X14: [L/T] | Y14: [1/T] | Z14: [-] | AA14: [-] | AB14: [C] | AG14: 2 | AH14: -0.1163 | AI14: -332.367 | AJ14: 0.1548 | AK14: 6.622e-09 | AL14: 0.0002169 | AM14: -1.7e-08 | AN14: 0 | AO14: -1 | AP14: -0.00027 | AQ14: 20
A15: 2 | B15: =0.098967*A15 -> 0.197934 | C15: =$B$6+(($B$7-$B$6)/(1+($B$3*A15)^$B$4)^$B$5) -> 0.49939309 | D15: =(C15-$B$6)/($B$7-$B$6) -> 0.99848273 | E15: =$B$8*D15^$B$9*(1-(1-D15^(1/$B$5))^$B$5)^2 -> 2.7364784e-05 | F15: =$B$8*((1-(($B$3*A15)^($B$4-1))*(1+($B$3*A15)^$B$4)^(-1+1/$B$4))^2)/(1+($B$3*A15)^$B$4)^(0.5-(1/(2*$B$4))) -> 2.7364784e-05 | G15: =D15*B15 -> 0.19763368 | I15: 2 | J15: =0.098967*I15 -> 0.197934 | K15: =$J$6+(($J$7-$J$6)/(1+($J$3*I15)^$J$4)^$J$5) -> 0.4536921 | L15: =(K15-$J$6)/($J$7-$J$6) -> 0.98247807 | M15: =$J$8*L15^$J$9*(1-(1-L15^(1/$J$5))^$J$5)^2 -> 2.7829094e-06 | N15: =$J$8*((1-(($J$3*I15)^($J$4-1))*(1+($J$3*I15)^$J$4)^(-1+1/$J$4))^2)/(1+($J$3*I15)^$J$4)^(0.5-(1/(2*$J$4))) -> 2.7829094e-06 | O15: =L15*J15 -> 0.19446581 | AG15: 3 | AH15: -0.2303 | AI15: -332.694 | AJ15: 0.1547 | AK15: 6.6e-09 | AL15: 0.0002165 | AM15: -3.383e-08 | AN15: 0 | AO15: -1 | AP15: -0.000536 | AQ15: 20
A16: 4 | B16: =0.098967*A16 -> 0.395868 | C16: =$B$6+(($B$7-$B$6)/(1+($B$3*A16)^$B$4)^$B$5) -> 0.49817052 | D16: =(C16-$B$6)/($B$7-$B$6) -> 0.99542631 | E16: =$B$8*D16^$B$9*(1-(1-D16^(1/$B$5))^$B$5)^2 -> 2.3424638e-05 | F16: =$B$8*((1-(($B$3*A16)^($B$4-1))*(1+($B$3*A16)^$B$4)^(-1+1/$B$4))^2)/(1+($B$3*A16)^$B$4)^(0.5-(1/(2*$B$4))) -> 2.3424638e-05 | G16: =D16*B16 -> 0.39405742 | I16: 4 | J16: =0.098967*I16 -> 0.395868 | K16: =$J$6+(($J$7-$J$6)/(1+($J$3*I16)^$J$4)^$J$5) -> 0.44445008 | L16: =(K16-$J$6)/($J$7-$J$6) -> 0.95680578 | M16: =$J$8*L16^$J$9*(1-(1-L16^(1/$J$5))^$J$5)^2 -> 1.6205896e-06 | N16: =$J$8*((1-(($J$3*I16)^($J$4-1))*(1+($J$3*I16)^$J$4)^(-1+1/$J$4))^2)/(1+($J$3*I16)^$J$4)^(0.5-(1/(2*$J$4))) -> 1.6205896e-06 | O16: =L16*J16 -> 0.37876879 | R16: 1 | S16: 0 | T16: -369.804 | U16: 0.1565 | V16: 9.286e-10 | W16: 8.574e-05 | X16: 1.511e-12 | Y16: 0 | Z16: -1 | AA16: 3.69e-09 | AB16: 20 | AG16: 4 | AH16: -0.3421 | AI16: -333.299 | AJ16: 0.1546 | AK16: 6.559e-09 | AL16: 0.0002158 | AM16: -5.03e-08 | AN16: 0 | AO16: -1 | AP16: -0.000798 | AQ16: 20
A17: 5 | B17: =0.098967*A17 -> 0.494835 | C17: =$B$6+(($B$7-$B$6)/(1+($B$3*A17)^$B$4)^$B$5) -> 0.49739488 | D17: =(C17-$B$6)/($B$7-$B$6) -> 0.9934872 | E17: =$B$8*D17^$B$9*(1-(1-D17^(1/$B$5))^$B$5)^2 -> 2.1866372e-05 | F17: =$B$8*((1-(($B$3*A17)^($B$4-1))*(1+($B$3*A17)^$B$4)^(-1+1/$B$4))^2)/(1+($B$3*A17)^$B$4)^(0.5-(1/(2*$B$4))) -> 2.1866372e-05 | G17: =D17*B17 -> 0.49161224 | I17: 5 | J17: =0.098967*I17 -> 0.494835 | K17: =$J$6+(($J$7-$J$6)/(1+($J$3*I17)^$J$4)^$J$5) -> 0.43949925 | L17: =(K17-$J$6)/($J$7-$J$6) -> 0.94305347 | M17: =$J$8*L17^$J$9*(1-(1-L17^(1/$J$5))^$J$5)^2 -> 1.2889544e-06 | N17: =$J$8*((1-(($J$3*I17)^($J$4-1))*(1+($J$3*I17)^$J$4)^(-1+1/$J$4))^2)/(1+($J$3*I17)^$J$4)^(0.5-(1/(2*$J$4))) -> 1.2889544e-06 | O17: =L17*J17 -> 0.46665587 | R17: 2 | S17: -0.1342 | T17: -369.927 | U17: 0.1565 | V17: 9.273e-10 | W17: 8.57e-05 | X17: -3.536e-09 | Y17: 0 | Z17: -1 | AA17: -8.65e-06 | AB17: 20 | AG17: 5 | AH17: -0.4515 | AI17: -334.171 | AJ17: 0.1544 | AK17: 6.5e-09 | AL17: 0.0002149 | AM17: -6.64e-08 | AN17: 0 | AO17: -1 | AP17: -0.00105 | AQ17: 20
A18: 6 | B18: =0.098967*A18 -> 0.593802 | C18: =$B$6+(($B$7-$B$6)/(1+($B$3*A18)^$B$4)^$B$5) -> 0.49652646 | D18: =(C18-$B$6)/($B$7-$B$6) -> 0.99131615 | E18: =$B$8*D18^$B$9*(1-(1-D18^(1/$B$5))^$B$5)^2 -> 2.048389e-05 | F18: =$B$8*((1-(($B$3*A18)^($B$4-1))*(1+($B$3*A18)^$B$4)^(-1+1/$B$4))^2)/(1+($B$3*A18)^$B$4)^(0.5-(1/(2*$B$4))) -> 2.048389e-05 | G18: =D18*B18 -> 0.58864551 | I18: 6 | J18: =0.098967*I18 -> 0.593802 | K18: =$J$6+(($J$7-$J$6)/(1+($J$3*I18)^$J$4)^$J$5) -> 0.43449132 | L18: =(K18-$J$6)/($J$7-$J$6) -> 0.92914255 | M18: =$J$8*L18^$J$9*(1-(1-L18^(1/$J$5))^$J$5)^2 -> 1.0434097e-06 | N18: =$J$8*((1-(($J$3*I18)^($J$4-1))*(1+($J$3*I18)^$J$4)^(-1+1/$J$4))^2)/(1+($J$3*I18)^$J$4)^(0.5-(1/(2*$J$4))) -> 1.0434097e-06 | O18: =L18*J18 -> 0.55172671 | R18: 3 | S18: -0.2658 | T18: -370.554 | U18: 0.1564 | V18: 9.208e-10 | W18: 8.544e-05 | X18: -7.057e-09 | Y18: 0 | Z18: -1 | AA18: -1.73e-05 | AB18: 20 | AG18: 6 | AH18: -0.5588 | AI18: -335.3 | AJ18: 0.1542 | AK18: 6.424e-09 | AL18: 0.0002136 | AM18: -8.214e-08 | AN18: 0 | AO18: -1 | AP18: -0.0013 | AQ18: 20
A19: 8 | B19: =0.098967*A19 -> 0.791736 | C19: =$B$6+(($B$7-$B$6)/(1+($B$3*A19)^$B$4)^$B$5) -> 0.49454649 | D19: =(C19-$B$6)/($B$7-$B$6) -> 0.98636622 | E19: =$B$8*D19^$B$9*(1-(1-D19^(1/$B$5))^$B$5)^2 -> 1.8109399e-05 | F19: =$B$8*((1-(($B$3*A19)^($B$4-1))*(1+($B$3*A19)^$B$4)^(-1+1/$B$4))^2)/(1+($B$3*A19)^$B$4)^(0.5-(1/(2*$B$4))) -> 1.8109399e-05 | G19: =D19*B19 -> 0.78094164 | I19: 8 | J19: =0.098967*I19 -> 0.791736 | K19: =$J$6+(($J$7-$J$6)/(1+($J$3*I19)^$J$4)^$J$5) -> 0.42456914 | L19: =(K19-$J$6)/($J$7-$J$6) -> 0.90158093 | M19: =$J$8*L19^$J$9*(1-(1-L19^(1/$J$5))^$J$5)^2 -> 7.1167972e-07 | N19: =$J$8*((1-(($J$3*I19)^($J$4-1))*(1+($J$3*I19)^$J$4)^(-1+1/$J$4))^2)/(1+($J$3*I19)^$J$4)^(0.5-(1/(2*$J$4))) -> 7.1167972e-07 | O19: =L19*J19 -> 0.71381408 | R19: 4 | S19: -0.3948 | T19: -371.669 | U19: 0.1563 | V19: 9.092e-10 | W19: 8.5e-05 | X19: -1.054e-08 | Y19: 0 | Z19: -1 | AA19: -2.58e-05 | AB19: 20 | AG19: 7 | AH19: -0.6637 | AI19: -336.676 | AJ19: 0.1539 | AK19: 6.331e-09 | AL19: 0.0002121 | AM19: -9.751e-08 | AN19: 0 | AO19: -1 | AP19: -0.00155 | AQ19: 20
A20: 10 | B20: =0.098967*A20 -> 0.98967 | C20: =$B$6+(($B$7-$B$6)/(1+($B$3*A20)^$B$4)^$B$5) -> 0.49228845 | D20: =(C20-$B$6)/($B$7-$B$6) -> 0.98072113 | E20: =$B$8*D20^$B$9*(1-(1-D20^(1/$B$5))^$B$5)^2 -> 1.6121748e-05 | F20: =$B$8*((1-(($B$3*A20)^($B$4-1))*(1+($B$3*A20)^$B$4)^(-1+1/$B$4))^2)/(1+($B$3*A20)^$B$4)^(0.5-(1/(2*$B$4))) -> 1.6121748e-05 | G20: =D20*B20 -> 0.97059028 | I20: 10 | J20: =0.098967*I20 -> 0.98967 | K20: =$J$6+(($J$7-$J$6)/(1+($J$3*I20)^$J$4)^$J$5) -> 0.41502179 | L20: =(K20-$J$6)/($J$7-$J$6) -> 0.87506054 | M20: =$J$8*L20^$J$9*(1-(1-L20^(1/$J$5))^$J$5)^2 -> 5.0582187e-07 | N20: =$J$8*((1-(($J$3*I20)^($J$4-1))*(1+($J$3*I20)^$J$4)^(-1+1/$J$4))^2)/(1+($J$3*I20)^$J$4)^(0.5-(1/(2*$J$4))) -> 5.0582187e-07 | O20: =L20*J20 -> 0.86602116 | R20: 5 | S20: -0.5212 | T20: -373.269 | U20: 0.1562 | V20: 8.925e-10 | W20: 8.435e-05 | X20: -1.401e-08 | Y20: 0 | Z20: -1 | AA20: -3.43e-05 | AB20: 20 | AG20: 8 | AH20: -0.7665 | AI20: -338.295 | AJ20: 0.1536 | AK20: 6.221e-09 | AL20: 0.0002103 | AM20: -1.125e-07 | AN20: 0 | AO20: -1 | AP20: -0.00178 | AQ20: 20
A21: 11 | B21: =0.098967*A21 -> 1.088637 | C21: =$B$6+(($B$7-$B$6)/(1+($B$3*A21)^$B$4)^$B$5) -> 0.49106947 | D21: =(C21-$B$6)/($B$7-$B$6) -> 0.97767367 | E21: =$B$8*D21^$B$9*(1-(1-D21^(1/$B$5))^$B$5)^2 -> 1.5240821e-05 | F21: =$B$8*((1-(($B$3*A21)^($B$4-1))*(1+($B$3*A21)^$B$4)^(-1+1/$B$4))^2)/(1+($B$3*A21)^$B$4)^(0.5-(1/(2*$B$4))) -> 1.5240821e-05 | G21: =D21*B21 -> 1.0643317 | I21: 11 | J21: =0.098967*I21 -> 1.088637 | K21: =$J$6+(($J$7-$J$6)/(1+($J$3*I21)^$J$4)^$J$5) -> 0.41043865 | L21: =(K21-$J$6)/($J$7-$J$6) -> 0.86232958 | M21: =$J$8*L21^$J$9*(1-(1-L21^(1/$J$5))^$J$5)^2 -> 4.3179768e-07 | N21: =$J$8*((1-(($J$3*I21)^($J$4-1))*(1+($J$3*I21)^$J$4)^(-1+1/$J$4))^2)/(1+($J$3*I21)^$J$4)^(0.5-(1/(2*$J$4))) -> 4.3179768e-07 | O21: =L21*J21 -> 0.93876388 | R21: 6 | S21: -0.645 | T21: -375.358 | U21: 0.156 | V21: 8.707e-10 | W21: 8.352e-05 | X21: -1.748e-08 | Y21: 0 | Z21: -1 | AA21: -4.27e-05 | AB21: 20 | AG21: 9 | AH21: -0.8669 | AI21: -340.152 | AJ21: 0.1532 | AK21: 6.095e-09 | AL21: 0.0002082 | AM21: -1.271e-07 | AN21: 0 | AO21: -1 | AP21: -0.00202 | AQ21: 20
A22: 13 | B22: =0.098967*A22 -> 1.286571 | C22: =$B$6+(($B$7-$B$6)/(1+($B$3*A22)^$B$4)^$B$5) -> 0.48847552 | D22: =(C22-$B$6)/($B$7-$B$6) -> 0.97118879 | E22: =$B$8*D22^$B$9*(1-(1-D22^(1/$B$5))^$B$5)^2 -> 1.3662691e-05 | F22: =$B$8*((1-(($B$3*A22)^($B$4-1))*(1+($B$3*A22)^$B$4)^(-1+1/$B$4))^2)/(1+($B$3*A22)^$B$4)^(0.5-(1/(2*$B$4))) -> 1.3662691e-05 | G22: =D22*B22 -> 1.2495033 | I22: 13 | J22: =0.098967*I22 -> 1.286571 | K22: =$J$6+(($J$7-$J$6)/(1+($J$3*I22)^$J$4)^$J$5) -> 0.40169368 | L22: =(K22-$J$6)/($J$7-$J$6) -> 0.83803799 | M22: =$J$8*L22^$J$9*(1-(1-L22^(1/$J$5))^$J$5)^2 -> 3.2135117e-07 | N22: =$J$8*((1-(($J$3*I22)^($J$4-1))*(1+($J$3*I22)^$J$4)^(-1+1/$J$4))^2)/(1+($J$3*I22)^$J$4)^(0.5-(1/(2*$J$4))) -> 3.2135117e-07 | O22: =L22*J22 -> 1.0781954 | R22: 7 | S22: -0.7663 | T22: -377.958 | U22: 0.1557 | V22: 8.436e-10 | W22: 8.247e-05 | X22: -2.096e-08 | Y22: 0 | Z22: -1 | AA22: -5.12e-05 | AB22: 20 | AG22: 10 | AH22: -0.9651 | AI22: -342.245 | AJ22: 0.1528 | AK22: 5.954e-09 | AL22: 0.0002059 | AM22: -1.414e-07 | AN22: 0 | AO22: -1 | AP22: -0.00224 | AQ22: 20
A23: 15 | B23: =0.098967*A23 -> 1.484505 | C23: =$B$6+(($B$7-$B$6)/(1+($B$3*A23)^$B$4)^$B$5) -> 0.4857012 | D23: =(C23-$B$6)/($B$7-$B$6) -> 0.964253 | E23: =$B$8*D23^$B$9*(1-(1-D23^(1/$B$5))^$B$5)^2 -> 1.2289698e-05 | F23: =$B$8*((1-(($B$3*A23)^($B$4-1))*(1+($B$3*A23)^$B$4)^(-1+1/$B$4))^2)/(1+($B$3*A23)^$B$4)^(0.5-(1/(2*$B$4))) -> 1.2289698e-05 | G23: =D23*B23 -> 1.4314384 | I23: 15 | J23: =0.098967*I23 -> 1.484505 | K23: =$J$6+(($J$7-$J$6)/(1+($J$3*I23)^$J$4)^$J$5) -> 0.39352081 | L23: =(K23-$J$6)/($J$7-$J$6) -> 0.81533557 | M23: =$J$8*L23^$J$9*(1-(1-L23^(1/$J$5))^$J$5)^2 -> 2.4500398e-07 | N23: =$J$8*((1-(($J$3*I23)^($J$4-1))*(1+($J$3*I23)^$J$4)^(-1+1/$J$4))^2)/(1+($J$3*I23)^$J$4)^(0.5-(1/(2*$J$4))) -> 2.4500398e-07 | O23: =L23*J23 -> 1.2103697 | R23: 8 | S23: -0.8849 | T23: -381.099 | U23: 0.1555 | V23: 8.109e-10 | W23: 8.121e-05 | X23: -2.448e-08 | Y23: 0 | Z23: -1 | AA23: -5.98e-05 | AB23: 20 | AG23: 11 | AH23: -1.061 | AI23: -344.575 | AJ23: 0.1523 | AK23: 5.796e-09 | AL23: 0.0002033 | AM23: -1.554e-07 | AN23: 0 | AO23: -1 | AP23: -0.00246 | AQ23: 20
A24: 17 | B24: =0.098967*A24 -> 1.682439 | C24: =$B$6+(($B$7-$B$6)/(1+($B$3*A24)^$B$4)^$B$5) -> 0.48277569 | D24: =(C24-$B$6)/($B$7-$B$6) -> 0.95693921 | E24: =$B$8*D24^$B$9*(1-(1-D24^(1/$B$5))^$B$5)^2 -> 1.108595e-05 | F24: =$B$8*((1-(($B$3*A24)^($B$4-1))*(1+($B$3*A24)^$B$4)^(-1+1/$B$4))^2)/(1+($B$3*A24)^$B$4)^(0.5-(1/(2*$B$4))) -> 1.108595e-05 | G24: =D24*B24 -> 1.6099919 | I24: 17 | J24: =0.098967*I24 -> 1.682439 | K24: =$J$6+(($J$7-$J$6)/(1+($J$3*I24)^$J$4)^$J$5) -> 0.3859044 | L24: =(K24-$J$6)/($J$7-$J$6) -> 0.79417889 | M24: =$J$8*L24^$J$9*(1-(1-L24^(1/$J$5))^$J$5)^2 -> 1.9067229e-07 | N24: =$J$8*((1-(($J$3*I24)^($J$4-1))*(1+($J$3*I24)^$J$4)^(-1+1/$J$4))^2)/(1+($J$3*I24)^$J$4)^(0.5-(1/(2*$J$4))) -> 1.9067229e-07 | O24: =L24*J24 -> 1.3361575 | R24: 9 | S24: -1.001 | T24: -384.835 | U24: 0.1551 | V24: 7.72e-10 | W24: 7.971e-05 | X24: -2.805e-08 | Y24: 0 | Z24: -1 | AA24: -6.86e-05 | AB24: 20 | AG24: 12 | AH24: -1.1547 | AI24: -347.144 | AJ24: 0.1518 | AK24: 5.622e-09 | AL24: 0.0002005 | AM24: -1.69e-07 | AN24: 0 | AO24: -1 | AP24: -0.00268 | AQ24: 20
A25: 19 | B25: =0.098967*A25 -> 1.880373 | C25: =$B$6+(($B$7-$B$6)/(1+($B$3*A25)^$B$4)^$B$5) -> 0.47972447 | D25: =(C25-$B$6)/($B$7-$B$6) -> 0.94931117 | E25: =$B$8*D25^$B$9*(1-(1-D25^(1/$B$5))^$B$5)^2 -> 1.0024496e-05 | F25: =$B$8*((1-(($B$3*A25)^($B$4-1))*(1+($B$3*A25)^$B$4)^(-1+1/$B$4))^2)/(1+($B$3*A25)^$B$4)^(0.5-(1/(2*$B$4))) -> 1.0024496e-05 | G25: =D25*B25 -> 1.7850591 | I25: 19 | J25: =0.098967*I25 -> 1.880373 | K25: =$J$6+(($J$7-$J$6)/(1+($J$3*I25)^$J$4)^$J$5) -> 0.3788123 | L25: =(K25-$J$6)/($J$7-$J$6) -> 0.7744786 | M25: =$J$8*L25^$J$9*(1-(1-L25^(1/$J$5))^$J$5)^2 -> 1.5104283e-07 | N25: =$J$8*((1-(($J$3*I25)^($J$4-1))*(1+($J$3*I25)^$J$4)^(-1+1/$J$4))^2)/(1+($J$3*I25)^$J$4)^(0.5-(1/(2*$J$4))) -> 1.5104283e-07 | O25: =L25*J25 -> 1.4563086 | R25: 10 | S25: -1.1145 | T25: -389.171 | U25: 0.1548 | V25: 7.514e-10 | W25: 7.864e-05 | X25: -3.114e-08 | Y25: 0 | Z25: -1 | AA25: -7.61e-05 | AB25: 20 | AG25: 13 | AH25: -1.2461 | AI25: -349.959 | AJ25: 0.1513 | AK25: 5.431e-09 | AL25: 0.0001973 | AM25: -1.822e-07 | AN25: 0 | AO25: -1 | AP25: -0.00289 | AQ25: 20
A26: 21 | B26: =0.098967*A26 -> 2.078307 | C26: =$B$6+(($B$7-$B$6)/(1+($B$3*A26)^$B$4)^$B$5) -> 0.47657002 | D26: =(C26-$B$6)/($B$7-$B$6) -> 0.94142506 | E26: =$B$8*D26^$B$9*(1-(1-D26^(1/$B$5))^$B$5)^2 -> 9.0843114e-06 | F26: =$B$8*((1-(($B$3*A26)^($B$4-1))*(1+($B$3*A26)^$B$4)^(-1+1/$B$4))^2)/(1+($B$3*A26)^$B$4)^(0.5-(1/(2*$B$4))) -> 9.0843114e-06 | G26: =D26*B26 -> 1.9565703 | I26: 21 | J26: =0.098967*I26 -> 2.078307 | K26: =$J$6+(($J$7-$J$6)/(1+($J$3*I26)^$J$4)^$J$5) -> 0.37220565 | L26: =(K26-$J$6)/($J$7-$J$6) -> 0.75612681 | M26: =$J$8*L26^$J$9*(1-(1-L26^(1/$J$5))^$J$5)^2 -> 1.21515e-07 | N26: =$J$8*((1-(($J$3*I26)^($J$4-1))*(1+($J$3*I26)^$J$4)^(-1+1/$J$4))^2)/(1+($J$3*I26)^$J$4)^(0.5-(1/(2*$J$4))) -> 1.21515e-07 | O26: =L26*J26 -> 1.5714637 | R26: 11 | S26: -1.2254 | T26: -393.907 | U26: 0.1545 | V26: 7.327e-10 | W26: 7.756e-05 | X26: -3.369e-08 | Y26: 0 | Z26: -1 | AA26: -8.23e-05 | AB26: 20 | AG26: 14 | AH26: -1.3352 | AI26: -353.03 | AJ26: 0.1507 | AK26: 5.224e-09 | AL26: 0.0001939 | AM26: -1.952e-07 | AN26: 0 | AO26: -1 | AP26: -0.0031 | AQ26: 20
A27: 23 | B27: =0.098967*A27 -> 2.276241 | C27: =$B$6+(($B$7-$B$6)/(1+($B$3*A27)^$B$4)^$B$5) -> 0.47333224 | D27: =(C27-$B$6)/($B$7-$B$6) -> 0.93333059 | E27: =$B$8*D27^$B$9*(1-(1-D27^(1/$B$5))^$B$5)^2 -> 8.2485201e-06 | F27: =$B$8*((1-(($B$3*A27)^($B$4-1))*(1+($B$3*A27)^$B$4)^(-1+1/$B$4))^2)/(1+($B$3*A27)^$B$4)^(0.5-(1/(2*$B$4))) -> 8.2485201e-06 | G27: =D27*B27 -> 2.1244854 | I27: 23 | J27: =0.098967*I27 -> 2.276241 | K27: =$J$6+(($J$7-$J$6)/(1+($J$3*I27)^$J$4)^$J$5) -> 0.36604419 | L27: =(K27-$J$6)/($J$7-$J$6) -> 0.73901164 | M27: =$J$8*L27^$J$9*(1-(1-L27^(1/$J$5))^$J$5)^2 -> 9.910002e-08 | N27: =$J$8*((1-(($J$3*I27)^($J$4-1))*(1+($J$3*I27)^$J$4)^(-1+1/$J$4))^2)/(1+($J$3*I27)^$J$4)^(0.5-(1/(2*$J$4))) -> 9.910002e-08 | O27: =L27*J27 -> 1.6821686 | R27: 12 | S27: -1.3336 | T27: -399.039 | U27: 0.1541 | V27: 7.124e-10 | W27: 7.64e-05 | X27: -3.619e-08 | Y27: 0 | Z27: -1 | AA27: -8.85e-05 | AB27: 20 | AG27: 15 | AH27: -1.4221 | AI27: -356.373 | AJ27: 0.15 | AK27: 4.997e-09 | AL27: 0.0001902 | AM27: -2.08e-07 | AN27: 0 | AO27: -1 | AP27: -0.0033 | AQ27: 20
... A63: 1300 | B63: =0.098967*A63 -> 128.6571 | C63: =$B$6+(($B$7-$B$6)/(1+($B$3*A63)^$B$4)^$B$5) -> 0.1645594 | D63: =(C63-$B$6)/($B$7-$B$6) -> 0.1613985 | E63: =$B$8*D63^$B$9*(1-(1-D63^(1/$B$5))^$B$5)^2 -> 1.2152707e-10 | F63: =$B$8*((1-(($B$3*A63)^($B$4-1))*(1+($B$3*A63)^$B$4)^(-1+1/$B$4))^2)/(1+($B$3*A63)^$B$4)^(0.5-(1/(2*$B$4))) -> 1.2152707e-10 | G63: =D63*B63 -> 20.765063 | I63: 1650 | J63: =0.098967*I63 -> 163.29555 | K63: =$J$6+(($J$7-$J$6)/(1+($J$3*I63)^$J$4)^$J$5) -> 0.1564586 | L63: =(K63-$J$6)/($J$7-$J$6) -> 0.15682945 | M63: =$J$8*L63^$J$9*(1-(1-L63^(1/$J$5))^$J$5)^2 -> 5.4551177e-13 | N63: =$J$8*((1-(($J$3*I63)^($J$4-1))*(1+($J$3*I63)^$J$4)^(-1+1/$J$4))^2)/(1+($J$3*I63)^$J$4)^(0.5-(1/(2*$J$4))) -> 5.4551177e-13 | O63: =L63*J63 -> 25.609551 | R63: 48 | S63: -3.5075 | T63: -2757.93 | U63: 0.1157 | V63: 1.611e-12 | W63: 4.529e-06 | X63: -8.261e-08 | Y63: 0 | Z63: -1 | AA63: -0.000202 | AB63: 20 | AG63: 51 | AH63: -3.3375 | AI63: -2859.95 | AJ63: 0.3392 | AK63: 2.46e-07 | AL63: 1.771e-06 | AM63: -3.953e-07 | AN63: 0 | AO63: -1 | AP63: -0.00627 | AQ63: 20
A64: 1350 | B64: =0.098967*A64 -> 133.60545 | C64: =$B$6+(($B$7-$B$6)/(1+($B$3*A64)^$B$4)^$B$5) -> 0.16312465 | D64: =(C64-$B$6)/($B$7-$B$6) -> 0.15781161 | E64: =$B$8*D64^$B$9*(1-(1-D64^(1/$B$5))^$B$5)^2 -> 1.0656484e-10 | F64: =$B$8*((1-(($B$3*A64)^($B$4-1))*(1+($B$3*A64)^$B$4)^(-1+1/$B$4))^2)/(1+($B$3*A64)^$B$4)^(0.5-(1/(2*$B$4))) -> 1.0656484e-10 | G64: =D64*B64 -> 21.084492 | I64: 1700 | J64: =0.098967*I64 -> 168.2439 | K64: =$J$6+(($J$7-$J$6)/(1+($J$3*I64)^$J$4)^$J$5) -> 0.15580595 | L64: =(K64-$J$6)/($J$7-$J$6) -> 0.15501653 | M64: =$J$8*L64^$J$9*(1-(1-L64^(1/$J$5))^$J$5)^2 -> 4.9919169e-13 | N64: =$J$8*((1-(($J$3*I64)^($J$4-1))*(1+($J$3*I64)^$J$4)^(-1+1/$J$4))^2)/(1+($J$3*I64)^$J$4)^(0.5-(1/(2*$J$4))) -> 4.9919169e-13 | O64: =L64*J64 -> 26.080585 | R64: 49 | S64: -3.52 | T64: -2757.933 | U64: 0.3394 | V64: 1.342e-07 | W64: 1.469e-06 | X64: -8.243e-08 | Y64: 0 | Z64: -1 | AA64: -0.000202 | AB64: 20 | AG64: end
A65: 1400 | B65: =0.098967*A65 -> 138.5538 | C65: =$B$6+(($B$7-$B$6)/(1+($B$3*A65)^$B$4)^$B$5) -> 0.16177167 | D65: =(C65-$B$6)/($B$7-$B$6) -> 0.15442918 | E65: =$B$8*D65^$B$9*(1-(1-D65^(1/$B$5))^$B$5)^2 -> 9.3888674e-11 | F65: =$B$8*((1-(($B$3*A65)^($B$4-1))*(1+($B$3*A65)^$B$4)^(-1+1/$B$4))^2)/(1+($B$3*A65)^$B$4)^(0.5-(1/(2*$B$4))) -> 9.3888674e-11 | G65: =D65*B65 -> 21.39675 | I65: 1750 | J65: =0.098967*I65 -> 173.19225 | K65: =$J$6+(($J$7-$J$6)/(1+($J$3*I65)^$J$4)^$J$5) -> 0.1551794 | L65: =(K65-$J$6)/($J$7-$J$6) -> 0.15327612 | M65: =$J$8*L65^$J$9*(1-(1-L65^(1/$J$5))^$J$5)^2 -> 4.5797989e-13 | N65: =$J$8*((1-(($J$3*I65)^($J$4-1))*(1+($J$3*I65)^$J$4)^(-1+1/$J$4))^2)/(1+($J$3*I65)^$J$4)^(0.5-(1/(2*$J$4))) -> 4.5797989e-13 | O65: =L65*J65 -> 26.546236 | R65: 50 | S65: -3.6788 | T65: -2757.871 | U65: 0.3394 | V65: 1.342e-07 | W65: 1.469e-06 | X65: -8.24e-08 | Y65: 0 | Z65: -1 | AA65: -0.000201 | AB65: 20
A66: 1450 | B66: =0.098967*A66 -> 143.50215 | C66: =$B$6+(($B$7-$B$6)/(1+($B$3*A66)^$B$4)^$B$5) -> 0.16049318 | D66: =(C66-$B$6)/($B$7-$B$6) -> 0.15123296 | E66: =$B$8*D66^$B$9*(1-(1-D66^(1/$B$5))^$B$5)^2 -> 8.3086001e-11 | F66: =$B$8*((1-(($B$3*A66)^($B$4-1))*(1+($B$3*A66)^$B$4)^(-1+1/$B$4))^2)/(1+($B$3*A66)^$B$4)^(0.5-(1/(2*$B$4))) -> 8.3086001e-11 | G66: =D66*B66 -> 21.702254 | I66: 1800 | J66: =0.098967*I66 -> 178.1406 | K66: =$J$6+(($J$7-$J$6)/(1+($J$3*I66)^$J$4)^$J$5) -> 0.15457722 | L66: =(K66-$J$6)/($J$7-$J$6) -> 0.15160339 | M66: =$J$8*L66^$J$9*(1-(1-L66^(1/$J$5))^$J$5)^2 -> 4.2119047e-13 | N66: =$J$8*((1-(($J$3*I66)^($J$4-1))*(1+($J$3*I66)^$J$4)^(-1+1/$J$4))^2)/(1+($J$3*I66)^$J$4)^(0.5-(1/(2*$J$4))) -> 4.2119047e-13 | O66: =L66*J66 -> 27.006719 | R66: 51 | S66: -3.8375 | T66: -2757.81 | U66: 0.3394 | V66: 1.342e-07 | W66: 1.469e-06 | X66: -8.24e-08 | Y66: 0 | Z66: -1 | AA66: -0.000201 | AB66: 20
A67: 1500 | B67: =0.098967*A67 -> 148.4505 | C67: =$B$6+(($B$7-$B$6)/(1+($B$3*A67)^$B$4)^$B$5) -> 0.15928275 | D67: =(C67-$B$6)/($B$7-$B$6) -> 0.14820687 | E67: =$B$8*D67^$B$9*(1-(1-D67^(1/$B$5))^$B$5)^2 -> 7.3829382e-11 | F67: =$B$8*((1-(($B$3*A67)^($B$4-1))*(1+($B$3*A67)^$B$4)^(-1+1/$B$4))^2)/(1+($B$3*A67)^$B$4)^(0.5-(1/(2*$B$4))) -> 7.3829382e-11 | G67: =D67*B67 -> 22.001383 | I67: 1850 | J67: =0.098967*I67 -> 183.08895 | K67: =$J$6+(($J$7-$J$6)/(1+($J$3*I67)^$J$4)^$J$5) -> 0.15399782 | L67: =(K67-$J$6)/($J$7-$J$6) -> 0.14999393 | M67: =$J$8*L67^$J$9*(1-(1-L67^(1/$J$5))^$J$5)^2 -> 3.8824517e-13 | N67: =$J$8*((1-(($J$3*I67)^($J$4-1))*(1+($J$3*I67)^$J$4)^(-1+1/$J$4))^2)/(1+($J$3*I67)^$J$4)^(0.5-(1/(2*$J$4))) -> 3.8824517e-13 | O67: =L67*J67 -> 27.462232 | R67: end
A68: 1550 | B68: =0.098967*A68 -> 153.39885 | C68: =$B$6+(($B$7-$B$6)/(1+($B$3*A68)^$B$4)^$B$5) -> 0.15813468 | D68: =(C68-$B$6)/($B$7-$B$6) -> 0.14533669 | E68: =$B$8*D68^$B$9*(1-(1-D68^(1/$B$5))^$B$5)^2 -> 6.5856888e-11 | F68: =$B$8*((1-(($B$3*A68)^($B$4-1))*(1+($B$3*A68)^$B$4)^(-1+1/$B$4))^2)/(1+($B$3*A68)^$B$4)^(0.5-(1/(2*$B$4))) -> 6.5856888e-11 | G68: =D68*B68 -> 22.294481 | I68: 1900 | J68: =0.098967*I68 -> 188.0373 | K68: =$J$6+(($J$7-$J$6)/(1+($J$3*I68)^$J$4)^$J$5) -> 0.15343975 | L68: =(K68-$J$6)/($J$7-$J$6) -> 0.14844374 | M68: =$J$8*L68^$J$9*(1-(1-L68^(1/$J$5))^$J$5)^2 -> 3.5865425e-13 | N68: =$J$8*((1-(($J$3*I68)^($J$4-1))*(1+($J$3*I68)^$J$4)^(-1+1/$J$4))^2)/(1+($J$3*I68)^$J$4)^(0.5-(1/(2*$J$4))) -> 3.5865425e-13 | O68: =L68*J68 -> 27.91296
A69: 1600 | B69: =0.098967*A69 -> 158.3472 | C69: =$B$6+(($B$7-$B$6)/(1+($B$3*A69)^$B$4)^$B$5) -> 0.15704392 | D69: =(C69-$B$6)/($B$7-$B$6) -> 0.14260981 | E69: =$B$8*D69^$B$9*(1-(1-D69^(1/$B$5))^$B$5)^2 -> 5.8957436e-11 | F69: =$B$8*((1-(($B$3*A69)^($B$4-1))*(1+($B$3*A69)^$B$4)^(-1+1/$B$4))^2)/(1+($B$3*A69)^$B$4)^(0.5-(1/(2*$B$4))) -> 5.8957436e-11 | G69: =D69*B69 -> 22.581864 | I69: 1950 | J69: =0.098967*I69 -> 192.98565 | K69: =$J$6+(($J$7-$J$6)/(1+($J$3*I69)^$J$4)^$J$5) -> 0.1529017 | L69: =(K69-$J$6)/($J$7-$J$6) -> 0.14694916 | M69: =$J$8*L69^$J$9*(1-(1-L69^(1/$J$5))^$J$5)^2 -> 3.32001e-13 | N69: =$J$8*((1-(($J$3*I69)^($J$4-1))*(1+($J$3*I69)^$J$4)^(-1+1/$J$4))^2)/(1+($J$3*I69)^$J$4)^(0.5-(1/(2*$J$4))) -> 3.32001e-13 | O69: =L69*J69 -> 28.35908
A70: 1650 | B70: =0.098967*A70 -> 163.29555 | C70: =$B$6+(($B$7-$B$6)/(1+($B$3*A70)^$B$4)^$B$5) -> 0.15600599 | D70: =(C70-$B$6)/($B$7-$B$6) -> 0.14001497 | E70: =$B$8*D70^$B$9*(1-(1-D70^(1/$B$5))^$B$5)^2 -> 5.2959736e-11 | F70: =$B$8*((1-(($B$3*A70)^($B$4-1))*(1+($B$3*A70)^$B$4)^(-1+1/$B$4))^2)/(1+($B$3*A70)^$B$4)^(0.5-(1/(2*$B$4))) -> 5.2959736e-11 | G70: =D70*B70 -> 22.863821 | I70: 2000 | J70: =0.098967*I70 -> 197.934 | K70: =$J$6+(($J$7-$J$6)/(1+($J$3*I70)^$J$4)^$J$5) -> 0.15238247 | L70: =(K70-$J$6)/($J$7-$J$6) -> 0.14550685 | M70: =$J$8*L70^$J$9*(1-(1-L70^(1/$J$5))^$J$5)^2 -> 3.0792934e-13 | N70: =$J$8*((1-(($J$3*I70)^($J$4-1))*(1+($J$3*I70)^$J$4)^(-1+1/$J$4))^2)/(1+($J$3*I70)^$J$4)^(0.5-(1/(2*$J$4))) -> 3.0792934e-13 | O70: =L70*J70 -> 28.800754
A71: 1700 | B71: =0.098967*A71 -> 168.2439 | C71: =$B$6+(($B$7-$B$6)/(1+($B$3*A71)^$B$4)^$B$5) -> 0.15501684 | D71: =(C71-$B$6)/($B$7-$B$6) -> 0.1375421 | E71: =$B$8*D71^$B$9*(1-(1-D71^(1/$B$5))^$B$5)^2 -> 4.7723886e-11 | F71: =$B$8*((1-(($B$3*A71)^($B$4-1))*(1+($B$3*A71)^$B$4)^(-1+1/$B$4))^2)/(1+($B$3*A71)^$B$4)^(0.5-(1/(2*$B$4))) -> 4.7723886e-11 | G71: =D71*B71 -> 23.140619 | I71: 2050 | J71: =0.098967*I71 -> 202.88235 | K71: =$J$6+(($J$7-$J$6)/(1+($J$3*I71)^$J$4)^$J$5) -> 0.15188095 | L71: =(K71-$J$6)/($J$7-$J$6) -> 0.14411375 | M71: =$J$8*L71^$J$9*(1-(1-L71^(1/$J$5))^$J$5)^2 -> 2.8613383e-13 | N71: =$J$8*((1-(($J$3*I71)^($J$4-1))*(1+($J$3*I71)^$J$4)^(-1+1/$J$4))^2)/(1+($J$3*I71)^$J$4)^(0.5-(1/(2*$J$4))) -> 2.8613383e-13 | O71: =L71*J71 -> 29.238136
A72: 1750 | B72: =0.098967*A72 -> 173.19225 | C72: =$B$6+(($B$7-$B$6)/(1+($B$3*A72)^$B$4)^$B$5) -> 0.15407286 | D72: =(C72-$B$6)/($B$7-$B$6) -> 0.13518216 | E72: =$B$8*D72^$B$9*(1-(1-D72^(1/$B$5))^$B$5)^2 -> 4.3134917e-11 | F72: =$B$8*((1-(($B$3*A72)^($B$4-1))*(1+($B$3*A72)^$B$4)^(-1+1/$B$4))^2)/(1+($B$3*A72)^$B$4)^(0.5-(1/(2*$B$4))) -> 4.3134917e-11 | G72: =D72*B72 -> 23.412502 | I72: 2100 | J72: =0.098967*I72 -> 207.8307 | K72: =$J$6+(($J$7-$J$6)/(1+($J$3*I72)^$J$4)^$J$5) -> 0.15139613 | L72: =(K72-$J$6)/($J$7-$J$6) -> 0.14276703 | M72: =$J$8*L72^$J$9*(1-(1-L72^(1/$J$5))^$J$5)^2 -> 2.6635137e-13 | N72: =$J$8*((1-(($J$3*I72)^($J$4-1))*(1+($J$3*I72)^$J$4)^(-1+1/$J$4))^2)/(1+($J$3*I72)^$J$4)^(0.5-(1/(2*$J$4))) -> 2.6635137e-13 | O72: =L72*J72 -> 29.671372
A73: 1800 | B73: =0.098967*A73 -> 178.1406 | C73: =$B$6+(($B$7-$B$6)/(1+($B$3*A73)^$B$4)^$B$5) -> 0.15317081 | D73: =(C73-$B$6)/($B$7-$B$6) -> 0.13292702 | E73: =$B$8*D73^$B$9*(1-(1-D73^(1/$B$5))^$B$5)^2 -> 3.9097807e-11 | F73: =$B$8*((1-(($B$3*A73)^($B$4-1))*(1+($B$3*A73)^$B$4)^(-1+1/$B$4))^2)/(1+($B$3*A73)^$B$4)^(0.5-(1/(2*$B$4))) -> 3.9097807e-11 | G73: =D73*B73 -> 23.679698 | I73: 2150 | J73: =0.098967*I73 -> 212.77905 | K73: =$J$6+(($J$7-$J$6)/(1+($J$3*I73)^$J$4)^$J$5) -> 0.15092708 | L73: =(K73-$J$6)/($J$7-$J$6) -> 0.1414641 | M73: =$J$8*L73^$J$9*(1-(1-L73^(1/$J$5))^$J$5)^2 -> 2.4835459e-13 | N73: =$J$8*((1-(($J$3*I73)^($J$4-1))*(1+($J$3*I73)^$J$4)^(-1+1/$J$4))^2)/(1+($J$3*I73)^$J$4)^(0.5-(1/(2*$J$4))) -> 2.4835459e-13 | O73: =L73*J73 -> 30.100598
A74: 1850 | B74: =0.098967*A74 -> 183.08895 | C74: =$B$6+(($B$7-$B$6)/(1+($B$3*A74)^$B$4)^$B$5) -> 0.15230773 | D74: =(C74-$B$6)/($B$7-$B$6) -> 0.13076932 | E74: =$B$8*D74^$B$9*(1-(1-D74^(1/$B$5))^$B$5)^2 -> 3.5533594e-11 | F74: =$B$8*((1-(($B$3*A74)^($B$4-1))*(1+($B$3*A74)^$B$4)^(-1+1/$B$4))^2)/(1+($B$3*A74)^$B$4)^(0.5-(1/(2*$B$4))) -> 3.5533594e-11 | G74: =D74*B74 -> 23.942418 | I74: 2200 | J74: =0.098967*I74 -> 217.7274 | K74: =$J$6+(($J$7-$J$6)/(1+($J$3*I74)^$J$4)^$J$5) -> 0.15047293 | L74: =(K74-$J$6)/($J$7-$J$6) -> 0.14020258 | M74: =$J$8*L74^$J$9*(1-(1-L74^(1/$J$5))^$J$5)^2 -> 2.3194626e-13 | N74: =$J$8*((1-(($J$3*I74)^($J$4-1))*(1+($J$3*I74)^$J$4)^(-1+1/$J$4))^2)/(1+($J$3*I74)^$J$4)^(0.5-(1/(2*$J$4))) -> 2.3194626e-13 | O74: =L74*J74 -> 30.525943
A75: 1900 | B75: =0.098967*A75 -> 188.0373 | C75: =$B$6+(($B$7-$B$6)/(1+($B$3*A75)^$B$4)^$B$5) -> 0.15148097 | D75: =(C75-$B$6)/($B$7-$B$6) -> 0.12870242 | E75: =$B$8*D75^$B$9*(1-(1-D75^(1/$B$5))^$B$5)^2 -> 3.2376323e-11 | F75: =$B$8*((1-(($B$3*A75)^($B$4-1))*(1+($B$3*A75)^$B$4)^(-1+1/$B$4))^2)/(1+($B$3*A75)^$B$4)^(0.5-(1/(2*$B$4))) -> 3.2376323e-11 | G75: =D75*B75 -> 24.200856 | I75: 2250 | J75: =0.098967*I75 -> 222.67575 | K75: =$J$6+(($J$7-$J$6)/(1+($J$3*I75)^$J$4)^$J$5) -> 0.15003289 | L75: =(K75-$J$6)/($J$7-$J$6) -> 0.13898025 | M75: =$J$8*L75^$J$9*(1-(1-L75^(1/$J$5))^$J$5)^2 -> 2.1695473e-13 | N75: =$J$8*((1-(($J$3*I75)^($J$4-1))*(1+($J$3*I75)^$J$4)^(-1+1/$J$4))^2)/(1+($J$3*I75)^$J$4)^(0.5-(1/(2*$J$4))) -> 2.1695473e-13 | O75: =L75*J75 -> 30.947531
A76: 1950 | B76: =0.098967*A76 -> 192.98565 | C76: =$B$6+(($B$7-$B$6)/(1+($B$3*A76)^$B$4)^$B$5) -> 0.15068811 | D76: =(C76-$B$6)/($B$7-$B$6) -> 0.12672028 | E76: =$B$8*D76^$B$9*(1-(1-D76^(1/$B$5))^$B$5)^2 -> 2.9570637e-11 | F76: =$B$8*((1-(($B$3*A76)^($B$4-1))*(1+($B$3*A76)^$B$4)^(-1+1/$B$4))^2)/(1+($B$3*A76)^$B$4)^(0.5-(1/(2*$B$4))) -> 2.9570637e-11 | G76: =D76*B76 -> 24.455195 | I76: 2300 | J76: =0.098967*I76 -> 227.6241 | K76: =$J$6+(($J$7-$J$6)/(1+($J$3*I76)^$J$4)^$J$5) -> 0.14960622 | L76: =(K76-$J$6)/($J$7-$J$6) -> 0.13779506 | M76: =$J$8*L76^$J$9*(1-(1-L76^(1/$J$5))^$J$5)^2 -> 2.0323017e-13 | N76: =$J$8*((1-(($J$3*I76)^($J$4-1))*(1+($J$3*I76)^$J$4)^(-1+1/$J$4))^2)/(1+($J$3*I76)^$J$4)^(0.5-(1/(2*$J$4))) -> 2.0323017e-13 | O76: =L76*J76 -> 31.365476
A77: 2000 | B77: =0.098967*A77 -> 197.934 | C77: =$B$6+(($B$7-$B$6)/(1+($B$3*A77)^$B$4)^$B$5) -> 0.14992695 | D77: =(C77-$B$6)/($B$7-$B$6) -> 0.12481738 | E77: =$B$8*D77^$B$9*(1-(1-D77^(1/$B$5))^$B$5)^2 -> 2.7069861e-11 | F77: =$B$8*((1-(($B$3*A77)^($B$4-1))*(1+($B$3*A77)^$B$4)^(-1+1/$B$4))^2)/(1+($B$3*A77)^$B$4)^(0.5-(1/(2*$B$4))) -> 2.7069861e-11 | G77: =D77*B77 -> 24.705604 | I77: 2350 | J77: =0.098967*I77 -> 232.57245 | K77: =$J$6+(($J$7-$J$6)/(1+($J$3*I77)^$J$4)^$J$5) -> 0.14919224 | L77: =(K77-$J$6)/($J$7-$J$6) -> 0.13664511 | M77: =$J$8*L77^$J$9*(1-(1-L77^(1/$J$5))^$J$5)^2 -> 1.9064137e-13 | N77: =$J$8*((1-(($J$3*I77)^($J$4-1))*(1+($J$3*I77)^$J$4)^(-1+1/$J$4))^2)/(1+($J$3*I77)^$J$4)^(0.5-(1/(2*$J$4))) -> 1.9064137e-13 | O77: =L77*J77 -> 31.779888
A78: 2050 | B78: =0.098967*A78 -> 202.88235 | C78: =$B$6+(($B$7-$B$6)/(1+($B$3*A78)^$B$4)^$B$5) -> 0.14919549 | D78: =(C78-$B$6)/($B$7-$B$6) -> 0.12298873 | E78: =$B$8*D78^$B$9*(1-(1-D78^(1/$B$5))^$B$5)^2 -> 2.4834466e-11 | F78: =$B$8*((1-(($B$3*A78)^($B$4-1))*(1+($B$3*A78)^$B$4)^(-1+1/$B$4))^2)/(1+($B$3*A78)^$B$4)^(0.5-(1/(2*$B$4))) -> 2.4834466e-11 | G78: =D78*B78 -> 24.952242 | I78: 2400 | J78: =0.098967*I78 -> 237.5208 | K78: =$J$6+(($J$7-$J$6)/(1+($J$3*I78)^$J$4)^$J$5) -> 0.14879031 | L78: =(K78-$J$6)/($J$7-$J$6) -> 0.13552865 | M78: =$J$8*L78^$J$9*(1-(1-L78^(1/$J$5))^$J$5)^2 -> 1.7907311e-13 | N78: =$J$8*((1-(($J$3*I78)^($J$4-1))*(1+($J$3*I78)^$J$4)^(-1+1/$J$4))^2)/(1+($J$3*I78)^$J$4)^(0.5-(1/(2*$J$4))) -> 1.7907311e-13 | O78: =L78*J78 -> 32.190872
A79: 2100 | B79: =0.098967*A79 -> 207.8307 | C79: =$B$6+(($B$7-$B$6)/(1+($B$3*A79)^$B$4)^$B$5) -> 0.14849189 | D79: =(C79-$B$6)/($B$7-$B$6) -> 0.12122972 | E79: =$B$8*D79^$B$9*(1-(1-D79^(1/$B$5))^$B$5)^2 -> 2.2830838e-11 | F79: =$B$8*((1-(($B$3*A79)^($B$4-1))*(1+($B$3*A79)^$B$4)^(-1+1/$B$4))^2)/(1+($B$3*A79)^$B$4)^(0.5-(1/(2*$B$4))) -> 2.2830838e-11 | G79: =D79*B79 -> 25.195257 | I79: 2450 | J79: =0.098967*I79 -> 242.46915 | K79: =$J$6+(($J$7-$J$6)/(1+($J$3*I79)^$J$4)^$J$5) -> 0.14839985 | L79: =(K79-$J$6)/($J$7-$J$6) -> 0.13444402 | M79: =$J$8*L79^$J$9*(1-(1-L79^(1/$J$5))^$J$5)^2 -> 1.6842392e-13 | N79: =$J$8*((1-(($J$3*I79)^($J$4-1))*(1+($J$3*I79)^$J$4)^(-1+1/$J$4))^2)/(1+($J$3*I79)^$J$4)^(0.5-(1/(2*$J$4))) -> 1.6842392e-13 | O79: =L79*J79 -> 32.598527
... A147: 300000 | B147: =0.098967*A147 -> 29690.1 | C147: =$B$6+(($B$7-$B$6)/(1+($B$3*A147)^$B$4)^$B$5) -> 0.10247352 | D147: =(C147-$B$6)/($B$7-$B$6) -> 0.0061837945 | E147: =$B$8*D147^$B$9*(1-(1-D147^(1/$B$5))^$B$5)^2 -> 6.5888827e-19 | F147: =$B$8*((1-(($B$3*A147)^($B$4-1))*(1+($B$3*A147)^$B$4)^(-1+1/$B$4))^2)/(1+($B$3*A147)^$B$4)^(0.5-(1/(2*$B$4))) -> 6.5888827e-19 | G147: =D147*B147 -> 183.59748 | I147: 1000000 | J147: =0.098967*I147 -> 98967 | K147: =$J$6+(($J$7-$J$6)/(1+($J$3*I147)^$J$4)^$J$5) -> 0.1046421 | L147: =(K147-$J$6)/($J$7-$J$6) -> 0.012894715 | M147: =$J$8*L147^$J$9*(1-(1-L147^(1/$J$5))^$J$5)^2 -> 2.8817509e-21 | N147: =$J$8*((1-(($J$3*I147)^($J$4-1))*(1+($J$3*I147)^$J$4)^(-1+1/$J$4))^2)/(1+($J$3*I147)^$J$4)^(0.5-(1/(2*$J$4))) -> 2.8817508e-21 | O147: =L147*J147 -> 1276.1512
A148: 400000 | B148: =0.098967*A148 -> 39586.8 | C148: =$B$6+(($B$7-$B$6)/(1+($B$3*A148)^$B$4)^$B$5) -> 0.10208138 | D148: =(C148-$B$6)/($B$7-$B$6) -> 0.005203456 | E148: =$B$8*D148^$B$9*(1-(1-D148^(1/$B$5))^$B$5)^2 -> 2.4072795e-19 | F148: =$B$8*((1-(($B$3*A148)^($B$4-1))*(1+($B$3*A148)^$B$4)^(-1+1/$B$4))^2)/(1+($B$3*A148)^$B$4)^(0.5-(1/(2*$B$4))) -> 2.4072795e-19 | G148: =D148*B148 -> 205.98817
A149: 500000 | B149: =0.098967*A149 -> 49483.5 | C149: =$B$6+(($B$7-$B$6)/(1+($B$3*A149)^$B$4)^$B$5) -> 0.10182056 | D149: =(C149-$B$6)/($B$7-$B$6) -> 0.0045514095 | E149: =$B$8*D149^$B$9*(1-(1-D149^(1/$B$5))^$B$5)^2 -> 1.1024062e-19 | F149: =$B$8*((1-(($B$3*A149)^($B$4-1))*(1+($B$3*A149)^$B$4)^(-1+1/$B$4))^2)/(1+($B$3*A149)^$B$4)^(0.5-(1/(2*$B$4))) -> 1.1024062e-19 | G149: =D149*B149 -> 225.21967
A150: 600000 | B150: =0.098967*A150 -> 59380.2 | C150: =$B$6+(($B$7-$B$6)/(1+($B$3*A150)^$B$4)^$B$5) -> 0.10163191 | D150: =(C150-$B$6)/($B$7-$B$6) -> 0.0040797842 | E150: =$B$8*D150^$B$9*(1-(1-D150^(1/$B$5))^$B$5)^2 -> 5.8238124e-20 | F150: =$B$8*((1-(($B$3*A150)^($B$4-1))*(1+($B$3*A150)^$B$4)^(-1+1/$B$4))^2)/(1+($B$3*A150)^$B$4)^(0.5-(1/(2*$B$4))) -> 5.8238124e-20 | G150: =D150*B150 -> 242.2584
A151: 700000 | B151: =0.098967*A151 -> 69276.9 | C151: =$B$6+(($B$7-$B$6)/(1+($B$3*A151)^$B$4)^$B$5) -> 0.10148775 | D151: =(C151-$B$6)/($B$7-$B$6) -> 0.0037193678 | E151: =$B$8*D151^$B$9*(1-(1-D151^(1/$B$5))^$B$5)^2 -> 3.3954214e-20 | F151: =$B$8*((1-(($B$3*A151)^($B$4-1))*(1+($B$3*A151)^$B$4)^(-1+1/$B$4))^2)/(1+($B$3*A151)^$B$4)^(0.5-(1/(2*$B$4))) -> 3.3954214e-20 | G151: =D151*B151 -> 257.66627
A152: 800000 | B152: =0.098967*A152 -> 79173.6 | C152: =$B$6+(($B$7-$B$6)/(1+($B$3*A152)^$B$4)^$B$5) -> 0.1013732 | D152: =(C152-$B$6)/($B$7-$B$6) -> 0.0034330014 | E152: =$B$8*D152^$B$9*(1-(1-D152^(1/$B$5))^$B$5)^2 -> 2.1277564e-20 | F152: =$B$8*((1-(($B$3*A152)^($B$4-1))*(1+($B$3*A152)^$B$4)^(-1+1/$B$4))^2)/(1+($B$3*A152)^$B$4)^(0.5-(1/(2*$B$4))) -> 2.1277564e-20 | G152: =D152*B152 -> 271.80308
A153: 900000 | B153: =0.098967*A153 -> 89070.3 | C153: =$B$6+(($B$7-$B$6)/(1+($B$3*A153)^$B$4)^$B$5) -> 0.10127951 | D153: =(C153-$B$6)/($B$7-$B$6) -> 0.003198766 | E153: =$B$8*D153^$B$9*(1-(1-D153^(1/$B$5))^$B$5)^2 -> 1.4089258e-20 | F153: =$B$8*((1-(($B$3*A153)^($B$4-1))*(1+($B$3*A153)^$B$4)^(-1+1/$B$4))^2)/(1+($B$3*A153)^$B$4)^(0.5-(1/(2*$B$4))) -> 1.4089258e-20 | G153: =D153*B153 -> 284.91505
A154: 1000000 | B154: =0.098967*A154 -> 98967 | C154: =$B$6+(($B$7-$B$6)/(1+($B$3*A154)^$B$4)^$B$5) -> 0.10120112 | D154: =(C154-$B$6)/($B$7-$B$6) -> 0.0030028109 | E154: =$B$8*D154^$B$9*(1-(1-D154^(1/$B$5))^$B$5)^2 -> 9.743992e-21 | F154: =$B$8*((1-(($B$3*A154)^($B$4-1))*(1+($B$3*A154)^$B$4)^(-1+1/$B$4))^2)/(1+($B$3*A154)^$B$4)^(0.5-(1/(2*$B$4))) -> 9.7439919e-21 | G154: =D154*B154 -> 297.17918
